observation_id,observed_at,datasheet,location,latitude,longitude,observer,field,field_as_recorded,record_type,value,files
019ee4a9-df07-78fe-bc19-161026216eb1,2023-12-12T12:00:00+00:00,Dover Rivulet Mouth Observations,Dover Rivulet Mouth,-43.31622,147.02357,mhdoverlc,Rivulet Mouth State,Rivulet Mouth State,radio,Closed,
019ee4a9-df07-78fe-bc19-161026216eb1,2023-12-12T12:00:00+00:00,Dover Rivulet Mouth Observations,Dover Rivulet Mouth,-43.31622,147.02357,mhdoverlc,Noteworthy Photograph,Noteworthy Photograph,image,https://citsci-prod2.s3.amazonaws.com/uploads/02c6b8db-77c7-40b1-96d2-ce97d7d4f1ff/9548db97a3e7b0b9284d9dd30a99ec413be574e1.jpg,files/photos_and_files/019ee4a8-fcc1-7099-a622-61a38ec3e4ec-9548db97a3e7b0b9284d9dd30a99ec413be574e1.jpg
019ee4ab-1a77-7479-a5bf-821ccb64a170,2024-01-20T12:00:00+00:00,Dover Rivulet Mouth Observations,Dover Rivulet Mouth,-43.31622,147.02357,mhdoverlc,Rivulet Mouth State,Rivulet Mouth State,radio,Closed,
019ee4ab-1a77-7479-a5bf-821ccb64a170,2024-01-20T12:00:00+00:00,Dover Rivulet Mouth Observations,Dover Rivulet Mouth,-43.31622,147.02357,mhdoverlc,Noteworthy Photograph,Noteworthy Photograph,image,https://citsci-prod2.s3.amazonaws.com/uploads/02c6b8db-77c7-40b1-96d2-ce97d7d4f1ff/de6e9721ee383768ecda048d0bf6f56a8ce0eb09.jpg,files/photos_and_files/019ee4aa-5159-7576-ad53-46b7e9c90219-de6e9721ee383768ecda048d0bf6f56a8ce0eb09.jpg
019ee4ac-1ccd-7bf6-a22c-02a25999abac,2024-02-17T18:37:00+00:00,Dover Rivulet Mouth Observations,Dover Rivulet Mouth,-43.31622,147.02357,mhdoverlc,Rivulet Mouth State,Rivulet Mouth State,radio,Open - Flowing Out to Sea,
019ee4ac-1ccd-7bf6-a22c-02a25999abac,2024-02-17T18:37:00+00:00,Dover Rivulet Mouth Observations,Dover Rivulet Mouth,-43.31622,147.02357,mhdoverlc,Observations,Observations,textarea,Someone opened it,
019ee4ac-1ccd-7bf6-a22c-02a25999abac,2024-02-17T18:37:00+00:00,Dover Rivulet Mouth Observations,Dover Rivulet Mouth,-43.31622,147.02357,mhdoverlc,Noteworthy Photograph,Noteworthy Photograph,image,https://citsci-prod2.s3.amazonaws.com/uploads/02c6b8db-77c7-40b1-96d2-ce97d7d4f1ff/929f56459399f148e0f222c9548d47f3fde21ea1.jpg,files/photos_and_files/019ee4ab-ad98-7446-9ca1-4e3b8682613f-929f56459399f148e0f222c9548d47f3fde21ea1.jpg
019ee4ad-2ab3-7868-9d7b-cfbe4744fbab,2024-04-09T12:00:00+00:00,Dover Rivulet Mouth Observations,Dover Rivulet Mouth,-43.31622,147.02357,mhdoverlc,Rivulet Mouth State,Rivulet Mouth State,radio,Closed,
019ee4ad-2ab3-7868-9d7b-cfbe4744fbab,2024-04-09T12:00:00+00:00,Dover Rivulet Mouth Observations,Dover Rivulet Mouth,-43.31622,147.02357,mhdoverlc,Noteworthy Photograph,Noteworthy Photograph,image,https://citsci-prod2.s3.amazonaws.com/uploads/02c6b8db-77c7-40b1-96d2-ce97d7d4f1ff/1c4eafb9925c28cd4794aaa294e8ff801790cfd5.jpg,files/photos_and_files/019ee4ac-b03a-7b6f-b6e5-8abe20a5e59a-1c4eafb9925c28cd4794aaa294e8ff801790cfd5.jpg
019ee4ae-5bb3-71ab-9e97-0ee70ce2f172,2024-05-05T12:00:00+00:00,Dover Rivulet Mouth Observations,Dover Rivulet Mouth,-43.31622,147.02357,mhdoverlc,Rivulet Mouth State,Rivulet Mouth State,radio,Open - Flowing Out to Sea,
019ee4ae-5bb3-71ab-9e97-0ee70ce2f172,2024-05-05T12:00:00+00:00,Dover Rivulet Mouth Observations,Dover Rivulet Mouth,-43.31622,147.02357,mhdoverlc,Noteworthy Photograph,Noteworthy Photograph,image,https://citsci-prod2.s3.amazonaws.com/uploads/02c6b8db-77c7-40b1-96d2-ce97d7d4f1ff/aefa849ef4fb28ea1bc4d50e71502c78d2d4866a.jpg,files/photos_and_files/019ee4ad-af83-7a33-a15c-964e13c5679d-aefa849ef4fb28ea1bc4d50e71502c78d2d4866a.jpg
019ee4af-948c-7941-9cdf-006d1aabc462,2024-05-06T12:00:00+00:00,Dover Rivulet Mouth Observations,Dover Rivulet Mouth,-43.31622,147.02357,mhdoverlc,Rivulet Mouth State,Rivulet Mouth State,radio,Open - Flowing Out to Sea,
019ee4af-948c-7941-9cdf-006d1aabc462,2024-05-06T12:00:00+00:00,Dover Rivulet Mouth Observations,Dover Rivulet Mouth,-43.31622,147.02357,mhdoverlc,Noteworthy Photograph,Noteworthy Photograph,image,https://citsci-prod2.s3.amazonaws.com/uploads/02c6b8db-77c7-40b1-96d2-ce97d7d4f1ff/a1e13abf43945c52a36e08634a2547bb8f268885.jpg,files/photos_and_files/019ee4ae-ff18-7f92-8381-5ba2eb4134a8-a1e13abf43945c52a36e08634a2547bb8f268885.jpg
019ee4b2-aae9-74b8-af75-961d248b1ac0,2024-05-07T12:04:00+00:00,Dover Rivulet Mouth Observations,Dover Rivulet Mouth,-43.31622,147.02357,mhdoverlc,Rivulet Mouth State,Rivulet Mouth State,radio,Open - Flowing Out to Sea,
019ee4b2-aae9-74b8-af75-961d248b1ac0,2024-05-07T12:04:00+00:00,Dover Rivulet Mouth Observations,Dover Rivulet Mouth,-43.31622,147.02357,mhdoverlc,Observations,Observations,textarea,"Lagoon very low, trickling out to sea, fish kill caused by low oxygen after sudden emptying Salmon farms and Tas EPA attended, salmon farm worker reportedly measured very low oxygen EPA concluded natural even",
019ee4b2-aae9-74b8-af75-961d248b1ac0,2024-05-07T12:04:00+00:00,Dover Rivulet Mouth Observations,Dover Rivulet Mouth,-43.31622,147.02357,mhdoverlc,Noteworthy Photograph,Noteworthy Photograph,image,https://citsci-prod2.s3.amazonaws.com/uploads/02c6b8db-77c7-40b1-96d2-ce97d7d4f1ff/152927e2fbd440b3be42249edb5c69a11ed49919.jpg,files/photos_and_files/019ee4b0-18d5-7a56-ad97-29e63d824d2e-152927e2fbd440b3be42249edb5c69a11ed49919.jpg
019ee4b7-a8b8-7a48-a5ef-82108b991a37,2024-05-07T12:06:00+00:00,Dover Rivulet Mouth Observations,Dover Rivulet Mouth,-43.31622,147.02357,mhdoverlc,Rivulet Mouth State,Rivulet Mouth State,radio,Open - Flowing Out to Sea,
019ee4b7-a8b8-7a48-a5ef-82108b991a37,2024-05-07T12:06:00+00:00,Dover Rivulet Mouth Observations,Dover Rivulet Mouth,-43.31622,147.02357,mhdoverlc,Observations,Observations,textarea,"Day of fish kill, EPA concluded natural event",
019ee4b7-a8b8-7a48-a5ef-82108b991a37,2024-05-07T12:06:00+00:00,Dover Rivulet Mouth Observations,Dover Rivulet Mouth,-43.31622,147.02357,mhdoverlc,Noteworthy Photograph,Noteworthy Photograph,image,"https://citsci-prod2.s3.amazonaws.com/uploads/02c6b8db-77c7-40b1-96d2-ce97d7d4f1ff/fe1e8807dfe67fff06751b5b649c87f1baccf137.jpg, https://citsci-prod2.s3.amazonaws.com/uploads/02c6b8db-77c7-40b1-96d2-ce97d7d4f1ff/c7996ca15376f19f6ba642f54d8e4355b2ae4d5c.jpg, https://citsci-prod2.s3.amazonaws.com/uploads/02c6b8db-77c7-40b1-96d2-ce97d7d4f1ff/7877ec96c2432f86e65c0172a9be6eaa9611408d.jpg",files/photos_and_files/019ee4b7-59ae-7bae-aaa7-e260fbea518d-fe1e8807dfe67fff06751b5b649c87f1baccf137.jpg; files/photos_and_files/019ee4b7-7730-7adc-b556-96eaceede73a-c7996ca15376f19f6ba642f54d8e4355b2ae4d5c.jpg; files/photos_and_files/019ee4b7-8c30-7a7f-a37d-4084a8563687-7877ec96c2432f86e65c0172a9be6eaa9611408d.jpg
019ee4b9-b680-708d-bd91-10c31c27c285,2024-05-08T12:28:00+00:00,Dover Rivulet Mouth Observations,Dover Rivulet Mouth,-43.31622,147.02357,mhdoverlc,Rivulet Mouth State,Rivulet Mouth State,radio,Open - Flowing Out to Sea,
019ee4b9-b680-708d-bd91-10c31c27c285,2024-05-08T12:28:00+00:00,Dover Rivulet Mouth Observations,Dover Rivulet Mouth,-43.31622,147.02357,mhdoverlc,Observations,Observations,textarea,"Day after fish kill, lagoon milky and smelly",
019ee4b9-b680-708d-bd91-10c31c27c285,2024-05-08T12:28:00+00:00,Dover Rivulet Mouth Observations,Dover Rivulet Mouth,-43.31622,147.02357,mhdoverlc,Noteworthy Photograph,Noteworthy Photograph,image,"https://citsci-prod2.s3.amazonaws.com/uploads/02c6b8db-77c7-40b1-96d2-ce97d7d4f1ff/e9a057faf05bc1e17ff0227d7dea5f65837af137.jpg, https://citsci-prod2.s3.amazonaws.com/uploads/02c6b8db-77c7-40b1-96d2-ce97d7d4f1ff/59f80832349115429496f7c552114e549fac0582.jpg",files/photos_and_files/019ee4b9-37d9-7e35-81f9-a965bba4f967-59f80832349115429496f7c552114e549fac0582.jpg; files/photos_and_files/019ee4b9-1ab4-7d93-9165-a529ac1d24fb-e9a057faf05bc1e17ff0227d7dea5f65837af137.jpg
019ee4bb-5764-72bd-af0d-4ab01a8a81e0,2024-05-09T12:38:00+00:00,Dover Rivulet Mouth Observations,Dover Rivulet Mouth,-43.31622,147.02357,mhdoverlc,Rivulet Mouth State,Rivulet Mouth State,radio,Open - Flowing Out to Sea,
019ee4bb-5764-72bd-af0d-4ab01a8a81e0,2024-05-09T12:38:00+00:00,Dover Rivulet Mouth Observations,Dover Rivulet Mouth,-43.31622,147.02357,mhdoverlc,Observations,Observations,textarea,"2nd day after fish kill, still milky and smelly",
019ee4bb-5764-72bd-af0d-4ab01a8a81e0,2024-05-09T12:38:00+00:00,Dover Rivulet Mouth Observations,Dover Rivulet Mouth,-43.31622,147.02357,mhdoverlc,Noteworthy Photograph,Noteworthy Photograph,image,https://citsci-prod2.s3.amazonaws.com/uploads/02c6b8db-77c7-40b1-96d2-ce97d7d4f1ff/7c99147854141bd6264d95da824ee5b11aa1e169.jpg,files/photos_and_files/019ee4ba-9946-7e5a-951e-b5d6ebe5c239-7c99147854141bd6264d95da824ee5b11aa1e169.jpg
019ee4bc-658b-7344-86fa-ffcb9db44027,2024-05-10T17:31:00+00:00,Dover Rivulet Mouth Observations,Dover Rivulet Mouth,-43.31622,147.02357,mhdoverlc,Rivulet Mouth State,Rivulet Mouth State,radio,Open - Flowing Out to Sea,
019ee4bc-658b-7344-86fa-ffcb9db44027,2024-05-10T17:31:00+00:00,Dover Rivulet Mouth Observations,Dover Rivulet Mouth,-43.31622,147.02357,mhdoverlc,Noteworthy Photograph,Noteworthy Photograph,image,https://citsci-prod2.s3.amazonaws.com/uploads/02c6b8db-77c7-40b1-96d2-ce97d7d4f1ff/7332e50c85bb16eae3736a82522e2dafdba27f6b.jpg,files/photos_and_files/019ee4bc-3689-74d2-8469-1519d8607ddd-7332e50c85bb16eae3736a82522e2dafdba27f6b.jpg
019ee4be-bff1-7cd2-bd10-456d929eabf3,2024-05-14T13:26:00+00:00,Dover Rivulet Mouth Observations,Dover Rivulet Mouth,-43.31622,147.02357,mhdoverlc,Rivulet Mouth State,Rivulet Mouth State,radio,Open - Flowing Out to Sea,
019ee4be-bff1-7cd2-bd10-456d929eabf3,2024-05-14T13:26:00+00:00,Dover Rivulet Mouth Observations,Dover Rivulet Mouth,-43.31622,147.02357,mhdoverlc,Noteworthy Photograph,Noteworthy Photograph,image,https://citsci-prod2.s3.amazonaws.com/uploads/02c6b8db-77c7-40b1-96d2-ce97d7d4f1ff/2ed339d5c450577aa9bd9c7c0eceb2a12834f3a3.jpg,files/photos_and_files/019ee4be-add9-7dda-85b5-4e2f373bd13a-2ed339d5c450577aa9bd9c7c0eceb2a12834f3a3.jpg
019ee4c1-3bd3-7ddd-beda-7005bf4b402a,2024-05-16T13:27:00+00:00,Dover Rivulet Mouth Observations,Dover Rivulet Mouth,-43.31622,147.02357,mhdoverlc,Rivulet Mouth State,Rivulet Mouth State,radio,Closed,
019ee4c1-3bd3-7ddd-beda-7005bf4b402a,2024-05-16T13:27:00+00:00,Dover Rivulet Mouth Observations,Dover Rivulet Mouth,-43.31622,147.02357,mhdoverlc,Noteworthy Photograph,Noteworthy Photograph,image,"https://citsci-prod2.s3.amazonaws.com/uploads/02c6b8db-77c7-40b1-96d2-ce97d7d4f1ff/20571209c4cf9f41e1b4ad82d8f5c937fa40838f.jpg, https://citsci-prod2.s3.amazonaws.com/uploads/02c6b8db-77c7-40b1-96d2-ce97d7d4f1ff/127f10f6d0c395d4654a6b754ed785fce0cf310f.jpg, https://citsci-prod2.s3.amazonaws.com/uploads/02c6b8db-77c7-40b1-96d2-ce97d7d4f1ff/d6b6ad7cfa53504b6164bf26d033e989f833325a.jpg",files/photos_and_files/019ee4c1-07b2-7c25-9883-8d97342b0ad9-20571209c4cf9f41e1b4ad82d8f5c937fa40838f.jpg; files/photos_and_files/019ee4c1-169e-79cf-a060-e888184d8f0e-127f10f6d0c395d4654a6b754ed785fce0cf310f.jpg; files/photos_and_files/019ee4c1-26e9-7822-8825-64f7d05fcd5b-d6b6ad7cfa53504b6164bf26d033e989f833325a.jpg
019ee4c2-74e3-71d8-8495-7997fe167334,2024-05-18T16:32:00+00:00,Dover Rivulet Mouth Observations,Dover Rivulet Mouth,-43.31622,147.02357,mhdoverlc,Rivulet Mouth State,Rivulet Mouth State,radio,Closed,
019ee4c2-74e3-71d8-8495-7997fe167334,2024-05-18T16:32:00+00:00,Dover Rivulet Mouth Observations,Dover Rivulet Mouth,-43.31622,147.02357,mhdoverlc,Noteworthy Photograph,Noteworthy Photograph,image,https://citsci-prod2.s3.amazonaws.com/uploads/02c6b8db-77c7-40b1-96d2-ce97d7d4f1ff/1463cccbc3f8033b09699086b955fb4919d5c6de.jpg,files/photos_and_files/019ee4c2-5286-7beb-92e4-7e06344cd532-1463cccbc3f8033b09699086b955fb4919d5c6de.jpg
019ee4c3-8d74-7177-b3f2-6b9cf8d4d2a1,2024-05-19T14:27:00+00:00,Dover Rivulet Mouth Observations,Dover Rivulet Mouth,-43.31622,147.02357,mhdoverlc,Rivulet Mouth State,Rivulet Mouth State,radio,Closed,
019ee4c3-8d74-7177-b3f2-6b9cf8d4d2a1,2024-05-19T14:27:00+00:00,Dover Rivulet Mouth Observations,Dover Rivulet Mouth,-43.31622,147.02357,mhdoverlc,Noteworthy Photograph,Noteworthy Photograph,image,https://citsci-prod2.s3.amazonaws.com/uploads/02c6b8db-77c7-40b1-96d2-ce97d7d4f1ff/f0661aeaf06b8920a8f6f8282150d2c47005bfe4.jpg,files/photos_and_files/019ee4c3-4f42-71bc-978b-52c0a444278a-f0661aeaf06b8920a8f6f8282150d2c47005bfe4.jpg
019ee4c4-e969-7323-ae23-6466314319f2,2024-05-20T12:03:00+00:00,Dover Rivulet Mouth Observations,Dover Rivulet Mouth,-43.31622,147.02357,mhdoverlc,Rivulet Mouth State,Rivulet Mouth State,radio,Closed,
019ee4c4-e969-7323-ae23-6466314319f2,2024-05-20T12:03:00+00:00,Dover Rivulet Mouth Observations,Dover Rivulet Mouth,-43.31622,147.02357,mhdoverlc,Noteworthy Photograph,Noteworthy Photograph,image,https://citsci-prod2.s3.amazonaws.com/uploads/02c6b8db-77c7-40b1-96d2-ce97d7d4f1ff/160d4f5789b8ae8a30e488df96e7c5d7aa5e3c7f.jpg,files/photos_and_files/019ee4c4-a238-7a82-aa64-399d129be1bc-160d4f5789b8ae8a30e488df96e7c5d7aa5e3c7f.jpg
019ee4c7-9fe6-705e-b9a9-edebeba88735,2024-05-22T10:54:00+00:00,Dover Rivulet Mouth Observations,Dover Rivulet Mouth,-43.31622,147.02357,mhdoverlc,Rivulet Mouth State,Rivulet Mouth State,radio,Open - Flowing Out to Sea,
019ee4c7-9fe6-705e-b9a9-edebeba88735,2024-05-22T10:54:00+00:00,Dover Rivulet Mouth Observations,Dover Rivulet Mouth,-43.31622,147.02357,mhdoverlc,Noteworthy Photograph,Noteworthy Photograph,image,"https://citsci-prod2.s3.amazonaws.com/uploads/02c6b8db-77c7-40b1-96d2-ce97d7d4f1ff/43857c9f9d328c47865c368f8344dbc630099ec3.jpg, https://citsci-prod2.s3.amazonaws.com/uploads/02c6b8db-77c7-40b1-96d2-ce97d7d4f1ff/c3dae512bba0ab41c99f6b3dee5fcd71a67d6be1.jpg",files/photos_and_files/019ee4c7-7acc-7ab5-9af0-67d05d9c7fd3-43857c9f9d328c47865c368f8344dbc630099ec3.jpg; files/photos_and_files/019ee4c7-8a21-755f-a195-304a76344065-c3dae512bba0ab41c99f6b3dee5fcd71a67d6be1.jpg
019ee4cb-b601-7963-aa5b-d4d037b483f7,2024-05-26T12:00:00+00:00,Dover Rivulet Mouth Observations,Dover Rivulet Mouth,-43.31622,147.02357,mhdoverlc,Rivulet Mouth State,Rivulet Mouth State,radio,Closed,
019ee4cb-b601-7963-aa5b-d4d037b483f7,2024-05-26T12:00:00+00:00,Dover Rivulet Mouth Observations,Dover Rivulet Mouth,-43.31622,147.02357,mhdoverlc,Observations,Observations,textarea,"26th to 29th of may partially open, high tides flooding into lagoon",
019ee4cb-b601-7963-aa5b-d4d037b483f7,2024-05-26T12:00:00+00:00,Dover Rivulet Mouth Observations,Dover Rivulet Mouth,-43.31622,147.02357,mhdoverlc,Noteworthy Photograph,Noteworthy Photograph,image,"https://citsci-prod2.s3.amazonaws.com/uploads/02c6b8db-77c7-40b1-96d2-ce97d7d4f1ff/9e6c958398208fc75311f0bb28bcf0639a6ab4e7.jpg, https://citsci-prod2.s3.amazonaws.com/uploads/02c6b8db-77c7-40b1-96d2-ce97d7d4f1ff/df1fd6d750d1b60ba2ce0de80a2deab55cb1aec6.jpg, https://citsci-prod2.s3.amazonaws.com/uploads/02c6b8db-77c7-40b1-96d2-ce97d7d4f1ff/5003705761a8d270fde4e3300ce08f1400dd7e31.jpg, https://citsci-prod2.s3.amazonaws.com/uploads/02c6b8db-77c7-40b1-96d2-ce97d7d4f1ff/06414e7340b3f30d1461f25b49d04c165b6a7fcb.jpg, https://citsci-prod2.s3.amazonaws.com/uploads/02c6b8db-77c7-40b1-96d2-ce97d7d4f1ff/93844b4c5751cb32f3f394d5921e07fcfb424bd1.jpg, https://citsci-prod2.s3.amazonaws.com/uploads/02c6b8db-77c7-40b1-96d2-ce97d7d4f1ff/0c2bea6dac6c2603086ae028f7781fbac44a989b.jpg, https://citsci-prod2.s3.amazonaws.com/uploads/02c6b8db-77c7-40b1-96d2-ce97d7d4f1ff/fc21e2217ed408ba17b60d310faecca1b995b93d.jpg",files/photos_and_files/019ee4ca-d369-7280-a08f-8d5a549752b5-9e6c958398208fc75311f0bb28bcf0639a6ab4e7.jpg; files/photos_and_files/019ee4cb-0018-75e8-9b3c-0335f60a2a8e-df1fd6d750d1b60ba2ce0de80a2deab55cb1aec6.jpg; files/photos_and_files/019ee4cb-1853-7a95-8909-4dcdf23847cc-5003705761a8d270fde4e3300ce08f1400dd7e31.jpg; files/photos_and_files/019ee4cb-33d6-7775-a43e-216dbe1490d2-06414e7340b3f30d1461f25b49d04c165b6a7fcb.jpg; files/photos_and_files/019ee4cb-4e89-752b-9eb6-212366783957-93844b4c5751cb32f3f394d5921e07fcfb424bd1.jpg; files/photos_and_files/019ee4cb-7707-7025-b788-d2a18c9d7860-0c2bea6dac6c2603086ae028f7781fbac44a989b.jpg; files/photos_and_files/019ee4cb-9e96-77f5-b975-1f49ec32206f-fc21e2217ed408ba17b60d310faecca1b995b93d.jpg
019ee4ce-eda1-74f4-920b-51e2113791c5,2024-05-30T12:00:00+00:00,Dover Rivulet Mouth Observations,Dover Rivulet Mouth,-43.31622,147.02357,mhdoverlc,Rivulet Mouth State,Rivulet Mouth State,radio,Open - Flowing Out to Sea,
019ee4ce-eda1-74f4-920b-51e2113791c5,2024-05-30T12:00:00+00:00,Dover Rivulet Mouth Observations,Dover Rivulet Mouth,-43.31622,147.02357,mhdoverlc,Observations,Observations,textarea,"30 May through June 4, often open, even toward low tide",
019ee4ce-eda1-74f4-920b-51e2113791c5,2024-05-30T12:00:00+00:00,Dover Rivulet Mouth Observations,Dover Rivulet Mouth,-43.31622,147.02357,mhdoverlc,Noteworthy Photograph,Noteworthy Photograph,image,"https://citsci-prod2.s3.amazonaws.com/uploads/02c6b8db-77c7-40b1-96d2-ce97d7d4f1ff/09a645fb3f240b846c184a74db559074f2a7ba7e.jpg, https://citsci-prod2.s3.amazonaws.com/uploads/02c6b8db-77c7-40b1-96d2-ce97d7d4f1ff/e70ce53221677fbc73af63ba36282d905dd4f230.jpg, https://citsci-prod2.s3.amazonaws.com/uploads/02c6b8db-77c7-40b1-96d2-ce97d7d4f1ff/2b77ace0206d3c76444ebdaa5eaee187e383ba83.jpg, https://citsci-prod2.s3.amazonaws.com/uploads/02c6b8db-77c7-40b1-96d2-ce97d7d4f1ff/5d84052bc25b2a576568daae3d4f31228e0d4338.jpg, https://citsci-prod2.s3.amazonaws.com/uploads/02c6b8db-77c7-40b1-96d2-ce97d7d4f1ff/0fdada4d92273d4a462f93adf0472e784723ff4f.jpg, https://citsci-prod2.s3.amazonaws.com/uploads/02c6b8db-77c7-40b1-96d2-ce97d7d4f1ff/441d4988a2515a729ef59dd5996e0fcab56c518a.jpg, https://citsci-prod2.s3.amazonaws.com/uploads/02c6b8db-77c7-40b1-96d2-ce97d7d4f1ff/4622665dbaa12ced3e984d9edbb722d47441b27f.jpg, https://citsci-prod2.s3.amazonaws.com/uploads/02c6b8db-77c7-40b1-96d2-ce97d7d4f1ff/49e545e6c751192dfe8b5acface2f79525479486.jpg",files/photos_and_files/019ee4ce-8007-7720-8f43-2a80f624b7f4-2b77ace0206d3c76444ebdaa5eaee187e383ba83.jpg; files/photos_and_files/019ee4ce-919d-717d-8d50-a5d4a9b6862c-5d84052bc25b2a576568daae3d4f31228e0d4338.jpg; files/photos_and_files/019ee4ce-a2d6-7509-bb94-df8a8bd52fc0-0fdada4d92273d4a462f93adf0472e784723ff4f.jpg; files/photos_and_files/019ee4ce-b1ef-7244-9c20-ca15e65a911f-441d4988a2515a729ef59dd5996e0fcab56c518a.jpg; files/photos_and_files/019ee4ce-c588-7557-9bb1-ef87dd464f5f-4622665dbaa12ced3e984d9edbb722d47441b27f.jpg; files/photos_and_files/019ee4ce-d5c7-7a24-acff-1535caf164ff-49e545e6c751192dfe8b5acface2f79525479486.jpg; files/photos_and_files/019ee4ce-5bac-7a32-87aa-c0201abf6ed6-09a645fb3f240b846c184a74db559074f2a7ba7e.jpg; files/photos_and_files/019ee4ce-6f44-7ec1-a03f-e052dc391c46-e70ce53221677fbc73af63ba36282d905dd4f230.jpg
019ee4d3-363e-7c51-a601-8abf8a0b2ce1,2024-06-06T12:00:00+00:00,Dover Rivulet Mouth Observations,Dover Rivulet Mouth,-43.31622,147.02357,mhdoverlc,Rivulet Mouth State,Rivulet Mouth State,radio,Open - Flowing Out to Sea,
019ee4d3-363e-7c51-a601-8abf8a0b2ce1,2024-06-06T12:00:00+00:00,Dover Rivulet Mouth Observations,Dover Rivulet Mouth,-43.31622,147.02357,mhdoverlc,Observations,Observations,textarea,"June 6 to 19, regularly opening and closing",
019ee4d3-363e-7c51-a601-8abf8a0b2ce1,2024-06-06T12:00:00+00:00,Dover Rivulet Mouth Observations,Dover Rivulet Mouth,-43.31622,147.02357,mhdoverlc,Noteworthy Photograph,Noteworthy Photograph,image,"https://citsci-prod2.s3.amazonaws.com/uploads/02c6b8db-77c7-40b1-96d2-ce97d7d4f1ff/957d35bf582229748136af144eb154b32cbdf1ab.jpg, https://citsci-prod2.s3.amazonaws.com/uploads/02c6b8db-77c7-40b1-96d2-ce97d7d4f1ff/e3d8e27319e53237fb9c9f6fefc2292757359fee.jpg, https://citsci-prod2.s3.amazonaws.com/uploads/02c6b8db-77c7-40b1-96d2-ce97d7d4f1ff/79bc3ab6daabc747362081ea7cf9ddfcc73e54e4.jpg, https://citsci-prod2.s3.amazonaws.com/uploads/02c6b8db-77c7-40b1-96d2-ce97d7d4f1ff/e5052c5744dfcd65e7981d13aa62ca3d22fb8f78.jpg, https://citsci-prod2.s3.amazonaws.com/uploads/02c6b8db-77c7-40b1-96d2-ce97d7d4f1ff/7cd6a5c3f38a732f831362f758d3168d259ae14e.jpg, https://citsci-prod2.s3.amazonaws.com/uploads/02c6b8db-77c7-40b1-96d2-ce97d7d4f1ff/44bd578f6ebdab80c2882586253edc9b34b09242.jpg, https://citsci-prod2.s3.amazonaws.com/uploads/02c6b8db-77c7-40b1-96d2-ce97d7d4f1ff/5f934a00fb43408b00efb371b439b026142aef09.jpg, https://citsci-prod2.s3.amazonaws.com/uploads/02c6b8db-77c7-40b1-96d2-ce97d7d4f1ff/d1c4dce97b27e23fb1077114491eceba98c94654.jpg",files/photos_and_files/019ee4d2-9703-7dc3-abc9-6d9bd38febf3-957d35bf582229748136af144eb154b32cbdf1ab.jpg; files/photos_and_files/019ee4d2-abe0-7f77-9734-f14b0bce7ebe-e3d8e27319e53237fb9c9f6fefc2292757359fee.jpg; files/photos_and_files/019ee4d2-bf33-73cf-85cb-b6feaa540a67-79bc3ab6daabc747362081ea7cf9ddfcc73e54e4.jpg; files/photos_and_files/019ee4d2-ce73-7a14-a63d-a092ac5f1ff2-e5052c5744dfcd65e7981d13aa62ca3d22fb8f78.jpg; files/photos_and_files/019ee4d3-0a27-7caf-8d14-8ec0146eb90d-d1c4dce97b27e23fb1077114491eceba98c94654.jpg; files/photos_and_files/019ee4d2-dca4-7417-8619-fc809dc1d58f-7cd6a5c3f38a732f831362f758d3168d259ae14e.jpg; files/photos_and_files/019ee4d2-e874-71e2-8a04-05c44bc473f6-44bd578f6ebdab80c2882586253edc9b34b09242.jpg; files/photos_and_files/019ee4d2-fa63-7acc-b345-34c8f596ae21-5f934a00fb43408b00efb371b439b026142aef09.jpg
e91e15bc-be06-442a-ad76-92438bb52f6a,2024-06-20T13:15:26+00:00,Dover Rivulet Mouth Observations,Dover Rivulet Mouth,-43.31622,147.02357,mhdoverlc,Rivulet Mouth State,Rivulet Mouth State,radio,Open - Flowing Into Lagoon,
e91e15bc-be06-442a-ad76-92438bb52f6a,2024-06-20T13:15:26+00:00,Dover Rivulet Mouth Observations,Dover Rivulet Mouth,-43.31622,147.02357,mhdoverlc,Tide Height (m),Tide Height (m),number,1.0,
e91e15bc-be06-442a-ad76-92438bb52f6a,2024-06-20T13:15:26+00:00,Dover Rivulet Mouth Observations,Dover Rivulet Mouth,-43.31622,147.02357,mhdoverlc,Lagoon Height (m),Lagoon Height (m),number,1.0,
e91e15bc-be06-442a-ad76-92438bb52f6a,2024-06-20T13:15:26+00:00,Dover Rivulet Mouth Observations,Dover Rivulet Mouth,-43.31622,147.02357,mhdoverlc,Dover Rainfall (24h to observation mm),Dover Rainfall (24h to observation mm),number,3,
e91e15bc-be06-442a-ad76-92438bb52f6a,2024-06-20T13:15:26+00:00,Dover Rivulet Mouth Observations,Dover Rivulet Mouth,-43.31622,147.02357,mhdoverlc,Noteworthy Photograph,Noteworthy Photograph,image,https://citsci-prod2.s3.amazonaws.com/uploads/02c6b8db-77c7-40b1-96d2-ce97d7d4f1ff/024555b09c8cb816964bc79dedfbdca0b35156f7.HEIC,files/photos_and_files/31c5ef88-69ef-451b-8cef-cc68270e6c2c-024555b09c8cb816964bc79dedfbdca0b35156f7.heic
b20337f9-f937-4ec0-8a9b-b64d9a748587,2024-06-22T15:46:52+00:00,Dover Rivulet Mouth Observations,Dover Rivulet Mouth,-43.31622,147.02357,mhdoverlc,Rivulet Mouth State,Rivulet Mouth State,radio,Open - Flowing Out to Sea,
b20337f9-f937-4ec0-8a9b-b64d9a748587,2024-06-22T15:46:52+00:00,Dover Rivulet Mouth Observations,Dover Rivulet Mouth,-43.31622,147.02357,mhdoverlc,Tide Height (m),Tide Height (m),number,1.1,
b20337f9-f937-4ec0-8a9b-b64d9a748587,2024-06-22T15:46:52+00:00,Dover Rivulet Mouth Observations,Dover Rivulet Mouth,-43.31622,147.02357,mhdoverlc,Lagoon Height (m),Lagoon Height (m),number,1.1,
b20337f9-f937-4ec0-8a9b-b64d9a748587,2024-06-22T15:46:52+00:00,Dover Rivulet Mouth Observations,Dover Rivulet Mouth,-43.31622,147.02357,mhdoverlc,Dover Rainfall (24h to observation mm),Dover Rainfall (24h to observation mm),number,2,
b20337f9-f937-4ec0-8a9b-b64d9a748587,2024-06-22T15:46:52+00:00,Dover Rivulet Mouth Observations,Dover Rivulet Mouth,-43.31622,147.02357,mhdoverlc,Observations,Observations,textarea,Clean water,
b20337f9-f937-4ec0-8a9b-b64d9a748587,2024-06-22T15:46:52+00:00,Dover Rivulet Mouth Observations,Dover Rivulet Mouth,-43.31622,147.02357,mhdoverlc,Noteworthy Photograph,Noteworthy Photograph,image,https://citsci-prod2.s3.amazonaws.com/uploads/02c6b8db-77c7-40b1-96d2-ce97d7d4f1ff/4eec80a9dece907869f6a072a87eed30ca41a4aa.HEIC,files/photos_and_files/bb88b025-ecb4-4629-96f8-63d48d038b32-4eec80a9dece907869f6a072a87eed30ca41a4aa.heic
4fdc1c47-2dda-404a-bb5f-4f3384b41a73,2024-06-22T15:49:00+00:00,Dover Rivulet Mouth Observations,Dover Rivulet Lower Lagoon,-43.3158,147.02321,mhdoverlc,Rivulet Mouth State,Rivulet Mouth State,radio,Open - Flowing Into Lagoon,
4fdc1c47-2dda-404a-bb5f-4f3384b41a73,2024-06-22T15:49:00+00:00,Dover Rivulet Mouth Observations,Dover Rivulet Lower Lagoon,-43.3158,147.02321,mhdoverlc,Tide Height (m),Tide Height (m),number,1.1,
4fdc1c47-2dda-404a-bb5f-4f3384b41a73,2024-06-22T15:49:00+00:00,Dover Rivulet Mouth Observations,Dover Rivulet Lower Lagoon,-43.3158,147.02321,mhdoverlc,Lagoon Height (m),Lagoon Height (m),number,1.1,
4fdc1c47-2dda-404a-bb5f-4f3384b41a73,2024-06-22T15:49:00+00:00,Dover Rivulet Mouth Observations,Dover Rivulet Lower Lagoon,-43.3158,147.02321,mhdoverlc,Dover Rainfall (24h to observation mm),Dover Rainfall (24h to observation mm),number,2,
4fdc1c47-2dda-404a-bb5f-4f3384b41a73,2024-06-22T15:49:00+00:00,Dover Rivulet Mouth Observations,Dover Rivulet Lower Lagoon,-43.3158,147.02321,mhdoverlc,Observations,Observations,textarea,Looks healthy,
4fdc1c47-2dda-404a-bb5f-4f3384b41a73,2024-06-22T15:49:00+00:00,Dover Rivulet Mouth Observations,Dover Rivulet Lower Lagoon,-43.3158,147.02321,mhdoverlc,Noteworthy Photograph,Noteworthy Photograph,image,https://citsci-prod2.s3.amazonaws.com/uploads/02c6b8db-77c7-40b1-96d2-ce97d7d4f1ff/042d9098dfd4b05896eea6a2ff18ef8eed8f1a7c.HEIC,files/photos_and_files/dcb152f0-29ab-425a-aef8-daf8ede0b074-042d9098dfd4b05896eea6a2ff18ef8eed8f1a7c.heic
b9ab6b05-d206-4efb-91ce-5990279fe8b0,2024-06-23T13:29:50+00:00,Dover Rivulet Mouth Observations,Dover Rivulet Lower Lagoon,-43.3158,147.02321,mhdoverlc,Rivulet Mouth State,Rivulet Mouth State,radio,Open - Flowing Into Lagoon,
b9ab6b05-d206-4efb-91ce-5990279fe8b0,2024-06-23T13:29:50+00:00,Dover Rivulet Mouth Observations,Dover Rivulet Lower Lagoon,-43.3158,147.02321,mhdoverlc,Tide Height (m),Tide Height (m),number,0.8,
b9ab6b05-d206-4efb-91ce-5990279fe8b0,2024-06-23T13:29:50+00:00,Dover Rivulet Mouth Observations,Dover Rivulet Lower Lagoon,-43.3158,147.02321,mhdoverlc,Lagoon Height (m),Lagoon Height (m),number,0.8,
b9ab6b05-d206-4efb-91ce-5990279fe8b0,2024-06-23T13:29:50+00:00,Dover Rivulet Mouth Observations,Dover Rivulet Lower Lagoon,-43.3158,147.02321,mhdoverlc,Dover Rainfall (24h to observation mm),Dover Rainfall (24h to observation mm),number,1,
b9ab6b05-d206-4efb-91ce-5990279fe8b0,2024-06-23T13:29:50+00:00,Dover Rivulet Mouth Observations,Dover Rivulet Lower Lagoon,-43.3158,147.02321,mhdoverlc,Noteworthy Photograph,Noteworthy Photograph,image,https://citsci-prod2.s3.amazonaws.com/uploads/02c6b8db-77c7-40b1-96d2-ce97d7d4f1ff/c7eb1d9da909d10525764648f7c97e3e73c8b45f.HEIC,files/photos_and_files/0d782f55-a94d-41c7-a8b6-ea49ff0705de-c7eb1d9da909d10525764648f7c97e3e73c8b45f.heic
c1f89577-7d15-4b34-8270-f4966f4edd6d,2024-06-23T13:30:51+00:00,Dover Rivulet Mouth Observations,Dover Rivulet Mouth,-43.31622,147.02357,mhdoverlc,Rivulet Mouth State,Rivulet Mouth State,radio,Open - Flowing Into Lagoon,
c1f89577-7d15-4b34-8270-f4966f4edd6d,2024-06-23T13:30:51+00:00,Dover Rivulet Mouth Observations,Dover Rivulet Mouth,-43.31622,147.02357,mhdoverlc,Tide Height (m),Tide Height (m),number,0.8,
c1f89577-7d15-4b34-8270-f4966f4edd6d,2024-06-23T13:30:51+00:00,Dover Rivulet Mouth Observations,Dover Rivulet Mouth,-43.31622,147.02357,mhdoverlc,Lagoon Height (m),Lagoon Height (m),number,0.8,
c1f89577-7d15-4b34-8270-f4966f4edd6d,2024-06-23T13:30:51+00:00,Dover Rivulet Mouth Observations,Dover Rivulet Mouth,-43.31622,147.02357,mhdoverlc,Dover Rainfall (24h to observation mm),Dover Rainfall (24h to observation mm),number,2,
c1f89577-7d15-4b34-8270-f4966f4edd6d,2024-06-23T13:30:51+00:00,Dover Rivulet Mouth Observations,Dover Rivulet Mouth,-43.31622,147.02357,mhdoverlc,Noteworthy Photograph,Noteworthy Photograph,image,https://citsci-prod2.s3.amazonaws.com/uploads/02c6b8db-77c7-40b1-96d2-ce97d7d4f1ff/1595361a15b11c6e5a329dc285f74da7995cb0e2.HEIC,files/photos_and_files/96cac612-b6de-4987-9477-4b84c355f6c7-1595361a15b11c6e5a329dc285f74da7995cb0e2.heic
bdf16026-1354-451b-a554-8853414ba6db,2024-06-23T13:32:12+00:00,Dover Rivulet Mouth Observations,Dover Rivulet Mouth,-43.31622,147.02357,mhdoverlc,Rivulet Mouth State,Rivulet Mouth State,radio,Open - Flowing Into Lagoon,
bdf16026-1354-451b-a554-8853414ba6db,2024-06-23T13:32:12+00:00,Dover Rivulet Mouth Observations,Dover Rivulet Mouth,-43.31622,147.02357,mhdoverlc,Tide Height (m),Tide Height (m),number,0.8,
bdf16026-1354-451b-a554-8853414ba6db,2024-06-23T13:32:12+00:00,Dover Rivulet Mouth Observations,Dover Rivulet Mouth,-43.31622,147.02357,mhdoverlc,Lagoon Height (m),Lagoon Height (m),number,0.8,
bdf16026-1354-451b-a554-8853414ba6db,2024-06-23T13:32:12+00:00,Dover Rivulet Mouth Observations,Dover Rivulet Mouth,-43.31622,147.02357,mhdoverlc,Dover Rainfall (24h to observation mm),Dover Rainfall (24h to observation mm),number,2,
bdf16026-1354-451b-a554-8853414ba6db,2024-06-23T13:32:12+00:00,Dover Rivulet Mouth Observations,Dover Rivulet Mouth,-43.31622,147.02357,mhdoverlc,Noteworthy Photograph,Noteworthy Photograph,image,https://citsci-prod2.s3.amazonaws.com/uploads/02c6b8db-77c7-40b1-96d2-ce97d7d4f1ff/fe8007b028559c5e2c9ecab4e126653e10d5da3b.HEIC,files/photos_and_files/4133e1dd-c7fd-4152-b9b7-ba55ed94ae31-fe8007b028559c5e2c9ecab4e126653e10d5da3b.heic
a9462e59-0bb7-432d-a69e-ce22151e535c,2024-06-24T12:52:05+00:00,Dover Rivulet Mouth Observations,Dover Rivulet Mouth,-43.31622,147.02357,mhdoverlc,Rivulet Mouth State,Rivulet Mouth State,radio,Open - Flowing Into Lagoon,
a9462e59-0bb7-432d-a69e-ce22151e535c,2024-06-24T12:52:05+00:00,Dover Rivulet Mouth Observations,Dover Rivulet Mouth,-43.31622,147.02357,mhdoverlc,Tide Height (m),Tide Height (m),number,0.6,
a9462e59-0bb7-432d-a69e-ce22151e535c,2024-06-24T12:52:05+00:00,Dover Rivulet Mouth Observations,Dover Rivulet Mouth,-43.31622,147.02357,mhdoverlc,Lagoon Height (m),Lagoon Height (m),number,0.6,
a9462e59-0bb7-432d-a69e-ce22151e535c,2024-06-24T12:52:05+00:00,Dover Rivulet Mouth Observations,Dover Rivulet Mouth,-43.31622,147.02357,mhdoverlc,Dover Rainfall (24h to observation mm),Dover Rainfall (24h to observation mm),number,0,
a9462e59-0bb7-432d-a69e-ce22151e535c,2024-06-24T12:52:05+00:00,Dover Rivulet Mouth Observations,Dover Rivulet Mouth,-43.31622,147.02357,mhdoverlc,Noteworthy Photograph,Noteworthy Photograph,image,https://citsci-prod2.s3.amazonaws.com/uploads/02c6b8db-77c7-40b1-96d2-ce97d7d4f1ff/beb5e2429eb9bbc931f3383cef3331f21cc26404.HEIC,files/photos_and_files/c284d53a-c5c2-435a-a526-bbc79c77a57c-beb5e2429eb9bbc931f3383cef3331f21cc26404.heic
8aac3014-0fdd-4b70-8cf6-c501caf06b3e,2024-06-24T12:52:57+00:00,Dover Rivulet Mouth Observations,Dover Rivulet Lower Lagoon,-43.3158,147.02321,mhdoverlc,Rivulet Mouth State,Rivulet Mouth State,radio,Open - Flowing Into Lagoon,
8aac3014-0fdd-4b70-8cf6-c501caf06b3e,2024-06-24T12:52:57+00:00,Dover Rivulet Mouth Observations,Dover Rivulet Lower Lagoon,-43.3158,147.02321,mhdoverlc,Tide Height (m),Tide Height (m),number,0.6,
8aac3014-0fdd-4b70-8cf6-c501caf06b3e,2024-06-24T12:52:57+00:00,Dover Rivulet Mouth Observations,Dover Rivulet Lower Lagoon,-43.3158,147.02321,mhdoverlc,Lagoon Height (m),Lagoon Height (m),number,0.6,
8aac3014-0fdd-4b70-8cf6-c501caf06b3e,2024-06-24T12:52:57+00:00,Dover Rivulet Mouth Observations,Dover Rivulet Lower Lagoon,-43.3158,147.02321,mhdoverlc,Dover Rainfall (24h to observation mm),Dover Rainfall (24h to observation mm),number,0,
8aac3014-0fdd-4b70-8cf6-c501caf06b3e,2024-06-24T12:52:57+00:00,Dover Rivulet Mouth Observations,Dover Rivulet Lower Lagoon,-43.3158,147.02321,mhdoverlc,Noteworthy Photograph,Noteworthy Photograph,image,https://citsci-prod2.s3.amazonaws.com/uploads/02c6b8db-77c7-40b1-96d2-ce97d7d4f1ff/fe1357da52a4074fb9dd6a74c75add3d7c30caaa.HEIC,files/photos_and_files/ba64f069-0cbf-4410-ada9-8e8cd44e162f-fe1357da52a4074fb9dd6a74c75add3d7c30caaa.heic
962476b6-baed-4da2-8ef8-53584eb9843b,2024-06-25T12:23:54+00:00,Dover Rivulet Mouth Observations,Dover Rivulet Lower Lagoon,-43.3158,147.02321,mhdoverlc,Rivulet Mouth State,Rivulet Mouth State,radio,Open - Flowing Into Lagoon,
962476b6-baed-4da2-8ef8-53584eb9843b,2024-06-25T12:23:54+00:00,Dover Rivulet Mouth Observations,Dover Rivulet Lower Lagoon,-43.3158,147.02321,mhdoverlc,Tide Height (m),Tide Height (m),number,0.5,
962476b6-baed-4da2-8ef8-53584eb9843b,2024-06-25T12:23:54+00:00,Dover Rivulet Mouth Observations,Dover Rivulet Lower Lagoon,-43.3158,147.02321,mhdoverlc,Lagoon Height (m),Lagoon Height (m),number,0.4,
962476b6-baed-4da2-8ef8-53584eb9843b,2024-06-25T12:23:54+00:00,Dover Rivulet Mouth Observations,Dover Rivulet Lower Lagoon,-43.3158,147.02321,mhdoverlc,Dover Rainfall (24h to observation mm),Dover Rainfall (24h to observation mm),number,1,
962476b6-baed-4da2-8ef8-53584eb9843b,2024-06-25T12:23:54+00:00,Dover Rivulet Mouth Observations,Dover Rivulet Lower Lagoon,-43.3158,147.02321,mhdoverlc,Noteworthy Photograph,Noteworthy Photograph,image,https://citsci-prod2.s3.amazonaws.com/uploads/02c6b8db-77c7-40b1-96d2-ce97d7d4f1ff/a8735f9e96fbbb4cf60fa394da53d02157ae55fb.jpg,files/photos_and_files/62f852b7-2265-410d-8f41-3811854baa00-a8735f9e96fbbb4cf60fa394da53d02157ae55fb.jpg
f09810d8-2698-4261-97f4-32e1d117fde4,2024-06-25T12:28:38+00:00,Dover Rivulet Mouth Observations,Dover Rivulet Mouth,-43.31622,147.02357,mhdoverlc,Rivulet Mouth State,Rivulet Mouth State,radio,Open - Flowing Into Lagoon,
f09810d8-2698-4261-97f4-32e1d117fde4,2024-06-25T12:28:38+00:00,Dover Rivulet Mouth Observations,Dover Rivulet Mouth,-43.31622,147.02357,mhdoverlc,Tide Height (m),Tide Height (m),number,0.5,
f09810d8-2698-4261-97f4-32e1d117fde4,2024-06-25T12:28:38+00:00,Dover Rivulet Mouth Observations,Dover Rivulet Mouth,-43.31622,147.02357,mhdoverlc,Lagoon Height (m),Lagoon Height (m),number,0.4,
f09810d8-2698-4261-97f4-32e1d117fde4,2024-06-25T12:28:38+00:00,Dover Rivulet Mouth Observations,Dover Rivulet Mouth,-43.31622,147.02357,mhdoverlc,Dover Rainfall (24h to observation mm),Dover Rainfall (24h to observation mm),number,1,
f09810d8-2698-4261-97f4-32e1d117fde4,2024-06-25T12:28:38+00:00,Dover Rivulet Mouth Observations,Dover Rivulet Mouth,-43.31622,147.02357,mhdoverlc,Noteworthy Photograph,Noteworthy Photograph,image,https://citsci-prod2.s3.amazonaws.com/uploads/02c6b8db-77c7-40b1-96d2-ce97d7d4f1ff/903ac11ca262ec76c27febb94a71f601d9a2c0d5.jpg,files/photos_and_files/b24975a6-b7c3-4ff2-bdf8-fecdef1f36d8-903ac11ca262ec76c27febb94a71f601d9a2c0d5.jpg
30c48741-cac5-4f0c-8a3d-f064e40b8912,2024-06-25T12:31:04+00:00,Dover Rivulet Mouth Observations,Dover Rivulet Lower Lagoon,-43.3158,147.02321,mhdoverlc,Rivulet Mouth State,Rivulet Mouth State,radio,Open - Flowing Into Lagoon,
30c48741-cac5-4f0c-8a3d-f064e40b8912,2024-06-25T12:31:04+00:00,Dover Rivulet Mouth Observations,Dover Rivulet Lower Lagoon,-43.3158,147.02321,mhdoverlc,Tide Height (m),Tide Height (m),number,0.5,
30c48741-cac5-4f0c-8a3d-f064e40b8912,2024-06-25T12:31:04+00:00,Dover Rivulet Mouth Observations,Dover Rivulet Lower Lagoon,-43.3158,147.02321,mhdoverlc,Lagoon Height (m),Lagoon Height (m),number,0.4,
30c48741-cac5-4f0c-8a3d-f064e40b8912,2024-06-25T12:31:04+00:00,Dover Rivulet Mouth Observations,Dover Rivulet Lower Lagoon,-43.3158,147.02321,mhdoverlc,Dover Rainfall (24h to observation mm),Dover Rainfall (24h to observation mm),number,1,
30c48741-cac5-4f0c-8a3d-f064e40b8912,2024-06-25T12:31:04+00:00,Dover Rivulet Mouth Observations,Dover Rivulet Lower Lagoon,-43.3158,147.02321,mhdoverlc,Noteworthy Photograph,Noteworthy Photograph,image,https://citsci-prod2.s3.amazonaws.com/uploads/02c6b8db-77c7-40b1-96d2-ce97d7d4f1ff/7e44128ec88ec3f763b1257e3449b6e852414c48.jpg,files/photos_and_files/3f061585-6a69-48c5-9e1a-cde0fee8fb6d-7e44128ec88ec3f763b1257e3449b6e852414c48.jpg
bc3f4dbd-968a-4a1c-aac2-6e768fee4b04,2024-06-26T11:08:45+00:00,Dover Rivulet Mouth Observations,Dover Rivulet Mouth,-43.31622,147.02357,mhdoverlc,Rivulet Mouth State,Rivulet Mouth State,radio,Open - Flowing Out to Sea,
bc3f4dbd-968a-4a1c-aac2-6e768fee4b04,2024-06-26T11:08:45+00:00,Dover Rivulet Mouth Observations,Dover Rivulet Mouth,-43.31622,147.02357,mhdoverlc,Tide Height (m),Tide Height (m),number,0.5,
bc3f4dbd-968a-4a1c-aac2-6e768fee4b04,2024-06-26T11:08:45+00:00,Dover Rivulet Mouth Observations,Dover Rivulet Mouth,-43.31622,147.02357,mhdoverlc,Lagoon Height (m),Lagoon Height (m),number,0.6,
bc3f4dbd-968a-4a1c-aac2-6e768fee4b04,2024-06-26T11:08:45+00:00,Dover Rivulet Mouth Observations,Dover Rivulet Mouth,-43.31622,147.02357,mhdoverlc,Dover Rainfall (24h to observation mm),Dover Rainfall (24h to observation mm),number,0,
bc3f4dbd-968a-4a1c-aac2-6e768fee4b04,2024-06-26T11:08:45+00:00,Dover Rivulet Mouth Observations,Dover Rivulet Mouth,-43.31622,147.02357,mhdoverlc,Noteworthy Photograph,Noteworthy Photograph,image,https://citsci-prod2.s3.amazonaws.com/uploads/02c6b8db-77c7-40b1-96d2-ce97d7d4f1ff/7796e3dbc6a2fd3957f709b4a7432d897a60c143.jpg,files/photos_and_files/53b77002-598e-49c2-affe-fc7cb495e2b7-7796e3dbc6a2fd3957f709b4a7432d897a60c143.jpg
b0e9f7e8-292b-462a-99a1-a500bf54c9e0,2024-06-26T11:11:00+00:00,Dover Rivulet Mouth Observations,Dover Rivulet Lower Lagoon,-43.3158,147.02321,mhdoverlc,Rivulet Mouth State,Rivulet Mouth State,radio,Open - Flowing Out to Sea,
b0e9f7e8-292b-462a-99a1-a500bf54c9e0,2024-06-26T11:11:00+00:00,Dover Rivulet Mouth Observations,Dover Rivulet Lower Lagoon,-43.3158,147.02321,mhdoverlc,Tide Height (m),Tide Height (m),number,0.55,
b0e9f7e8-292b-462a-99a1-a500bf54c9e0,2024-06-26T11:11:00+00:00,Dover Rivulet Mouth Observations,Dover Rivulet Lower Lagoon,-43.3158,147.02321,mhdoverlc,Lagoon Height (m),Lagoon Height (m),number,0.6,
b0e9f7e8-292b-462a-99a1-a500bf54c9e0,2024-06-26T11:11:00+00:00,Dover Rivulet Mouth Observations,Dover Rivulet Lower Lagoon,-43.3158,147.02321,mhdoverlc,Dover Rainfall (24h to observation mm),Dover Rainfall (24h to observation mm),number,0,
b0e9f7e8-292b-462a-99a1-a500bf54c9e0,2024-06-26T11:11:00+00:00,Dover Rivulet Mouth Observations,Dover Rivulet Lower Lagoon,-43.3158,147.02321,mhdoverlc,Noteworthy Photograph,Noteworthy Photograph,image,https://citsci-prod2.s3.amazonaws.com/uploads/02c6b8db-77c7-40b1-96d2-ce97d7d4f1ff/882798f182366d41d067980878a266a13d163c7d.jpg,files/photos_and_files/f750a700-c1c5-484c-a5f0-3559f7264ad7-882798f182366d41d067980878a266a13d163c7d.jpg
e814ec6a-87ab-408d-8c08-9395c4862244,2024-06-28T12:51:52+00:00,Dover Rivulet Mouth Observations,Dover Rivulet Mouth,-43.31622,147.02357,mhdoverlc,Rivulet Mouth State,Rivulet Mouth State,radio,Closed,
e814ec6a-87ab-408d-8c08-9395c4862244,2024-06-28T12:51:52+00:00,Dover Rivulet Mouth Observations,Dover Rivulet Mouth,-43.31622,147.02357,mhdoverlc,Tide Height (m),Tide Height (m),number,0.9,
e814ec6a-87ab-408d-8c08-9395c4862244,2024-06-28T12:51:52+00:00,Dover Rivulet Mouth Observations,Dover Rivulet Mouth,-43.31622,147.02357,mhdoverlc,Lagoon Height (m),Lagoon Height (m),number,1.1,
e814ec6a-87ab-408d-8c08-9395c4862244,2024-06-28T12:51:52+00:00,Dover Rivulet Mouth Observations,Dover Rivulet Mouth,-43.31622,147.02357,mhdoverlc,Dover Rainfall (24h to observation mm),Dover Rainfall (24h to observation mm),number,0,
e814ec6a-87ab-408d-8c08-9395c4862244,2024-06-28T12:51:52+00:00,Dover Rivulet Mouth Observations,Dover Rivulet Mouth,-43.31622,147.02357,mhdoverlc,Noteworthy Photograph,Noteworthy Photograph,image,https://citsci-prod2.s3.amazonaws.com/uploads/02c6b8db-77c7-40b1-96d2-ce97d7d4f1ff/0bcb457e62e7624cd6d54d0cab546f2387d7fb66.jpg,files/photos_and_files/92bc62b4-0c34-4f73-baca-735b713074ca-0bcb457e62e7624cd6d54d0cab546f2387d7fb66.jpg
a28cd0c6-97fc-472e-a7df-644a024ec551,2024-06-28T12:52:42+00:00,Dover Rivulet Mouth Observations,Dover Rivulet Lower Lagoon,-43.3158,147.02321,mhdoverlc,Rivulet Mouth State,Rivulet Mouth State,radio,Unknown / Not Observed,
a28cd0c6-97fc-472e-a7df-644a024ec551,2024-06-28T12:52:42+00:00,Dover Rivulet Mouth Observations,Dover Rivulet Lower Lagoon,-43.3158,147.02321,mhdoverlc,Tide Height (m),Tide Height (m),number,0.9,
a28cd0c6-97fc-472e-a7df-644a024ec551,2024-06-28T12:52:42+00:00,Dover Rivulet Mouth Observations,Dover Rivulet Lower Lagoon,-43.3158,147.02321,mhdoverlc,Lagoon Height (m),Lagoon Height (m),number,1.1,
a28cd0c6-97fc-472e-a7df-644a024ec551,2024-06-28T12:52:42+00:00,Dover Rivulet Mouth Observations,Dover Rivulet Lower Lagoon,-43.3158,147.02321,mhdoverlc,Dover Rainfall (24h to observation mm),Dover Rainfall (24h to observation mm),number,0,
a28cd0c6-97fc-472e-a7df-644a024ec551,2024-06-28T12:52:42+00:00,Dover Rivulet Mouth Observations,Dover Rivulet Lower Lagoon,-43.3158,147.02321,mhdoverlc,Noteworthy Photograph,Noteworthy Photograph,image,https://citsci-prod2.s3.amazonaws.com/uploads/02c6b8db-77c7-40b1-96d2-ce97d7d4f1ff/c89cf4ae666d7470e90337cedc64dc6e48702218.jpg,files/photos_and_files/8961d3e5-c80f-4473-99d5-11c30ebf5789-c89cf4ae666d7470e90337cedc64dc6e48702218.jpg
474af194-3376-42a3-a0b1-a9ad97403ad0,2024-06-30T19:57:09+00:00,Dover Rivulet Mouth Observations,Dover Rivulet Lower Lagoon,-43.3158,147.02321,mhdoverlc,Rivulet Mouth State,Rivulet Mouth State,radio,Open - Flowing Out to Sea,
474af194-3376-42a3-a0b1-a9ad97403ad0,2024-06-30T19:57:09+00:00,Dover Rivulet Mouth Observations,Dover Rivulet Lower Lagoon,-43.3158,147.02321,mhdoverlc,Tide Height (m),Tide Height (m),number,1.1,
474af194-3376-42a3-a0b1-a9ad97403ad0,2024-06-30T19:57:09+00:00,Dover Rivulet Mouth Observations,Dover Rivulet Lower Lagoon,-43.3158,147.02321,mhdoverlc,Lagoon Height (m),Lagoon Height (m),number,1.2,
474af194-3376-42a3-a0b1-a9ad97403ad0,2024-06-30T19:57:09+00:00,Dover Rivulet Mouth Observations,Dover Rivulet Lower Lagoon,-43.3158,147.02321,mhdoverlc,Dover Rainfall (24h to observation mm),Dover Rainfall (24h to observation mm),number,8,
474af194-3376-42a3-a0b1-a9ad97403ad0,2024-06-30T19:57:09+00:00,Dover Rivulet Mouth Observations,Dover Rivulet Lower Lagoon,-43.3158,147.02321,mhdoverlc,Noteworthy Photograph,Noteworthy Photograph,image,https://citsci-prod2.s3.amazonaws.com/uploads/02c6b8db-77c7-40b1-96d2-ce97d7d4f1ff/511e6982ae1bcb7d2ff43a93eb8b51fef09e862b.HEIC,files/photos_and_files/b8e0b38b-9fdd-4607-9ede-d9a49270c7a8-511e6982ae1bcb7d2ff43a93eb8b51fef09e862b.heic
b26c74ec-48ef-4bfd-a2b6-04c26f10a3d2,2024-06-30T19:57:49+00:00,Dover Rivulet Mouth Observations,Dover Rivulet Mouth,-43.31622,147.02357,mhdoverlc,Rivulet Mouth State,Rivulet Mouth State,radio,Open - Flowing Out to Sea,
b26c74ec-48ef-4bfd-a2b6-04c26f10a3d2,2024-06-30T19:57:49+00:00,Dover Rivulet Mouth Observations,Dover Rivulet Mouth,-43.31622,147.02357,mhdoverlc,Tide Height (m),Tide Height (m),number,1.1,
b26c74ec-48ef-4bfd-a2b6-04c26f10a3d2,2024-06-30T19:57:49+00:00,Dover Rivulet Mouth Observations,Dover Rivulet Mouth,-43.31622,147.02357,mhdoverlc,Lagoon Height (m),Lagoon Height (m),number,1.2,
b26c74ec-48ef-4bfd-a2b6-04c26f10a3d2,2024-06-30T19:57:49+00:00,Dover Rivulet Mouth Observations,Dover Rivulet Mouth,-43.31622,147.02357,mhdoverlc,Dover Rainfall (24h to observation mm),Dover Rainfall (24h to observation mm),number,8,
b26c74ec-48ef-4bfd-a2b6-04c26f10a3d2,2024-06-30T19:57:49+00:00,Dover Rivulet Mouth Observations,Dover Rivulet Mouth,-43.31622,147.02357,mhdoverlc,Noteworthy Photograph,Noteworthy Photograph,image,https://citsci-prod2.s3.amazonaws.com/uploads/02c6b8db-77c7-40b1-96d2-ce97d7d4f1ff/d61cf353509a27e1203e54331a5d2258f2612073.HEIC,files/photos_and_files/f597ab78-91d9-4060-8fb5-93b9644549bb-d61cf353509a27e1203e54331a5d2258f2612073.heic
019edd31-b841-79d1-bb48-e7b21a2d1822,2025-11-29T10:27:00+00:00,Dover Landcare Water Quality,DOV110 Dover Rivulet South Gate Market,-43.3105898,147.0170049,mhdoverlc,Monitor's Initials (or alias) - PUBLIC,Monitor's Initials (or alias) - PUBLIC,text,SR,
019edd31-b841-79d1-bb48-e7b21a2d1822,2025-11-29T10:27:00+00:00,Dover Landcare Water Quality,DOV110 Dover Rivulet South Gate Market,-43.3105898,147.0170049,mhdoverlc,Flowing,Flowing,dropdown,Medium,
019edd31-b841-79d1-bb48-e7b21a2d1822,2025-11-29T10:27:00+00:00,Dover Landcare Water Quality,DOV110 Dover Rivulet South Gate Market,-43.3105898,147.0170049,mhdoverlc,pH,Ph,number,7.3,
019edd31-b841-79d1-bb48-e7b21a2d1822,2025-11-29T10:27:00+00:00,Dover Landcare Water Quality,DOV110 Dover Rivulet South Gate Market,-43.3105898,147.0170049,mhdoverlc,Water Temperature (C),Temperature (C),number,10.6,
019edd31-b841-79d1-bb48-e7b21a2d1822,2025-11-29T10:27:00+00:00,Dover Landcare Water Quality,DOV110 Dover Rivulet South Gate Market,-43.3105898,147.0170049,mhdoverlc,Electrical Conductivity (mS / uS),Electrical Conductivity,number,317,
019edd31-b841-79d1-bb48-e7b21a2d1822,2025-11-29T10:27:00+00:00,Dover Landcare Water Quality,DOV110 Dover Rivulet South Gate Market,-43.3105898,147.0170049,mhdoverlc,Electrical Conductivity Unit,Electrical Conductivity Unit,dropdown,uS micro-Siemens,
019edd31-b841-79d1-bb48-e7b21a2d1822,2025-11-29T10:27:00+00:00,Dover Landcare Water Quality,DOV110 Dover Rivulet South Gate Market,-43.3105898,147.0170049,mhdoverlc,Turbidity (NTU),Turbidity (NTU),number,20,
019edd31-b841-79d1-bb48-e7b21a2d1822,2025-11-29T10:27:00+00:00,Dover Landcare Water Quality,DOV110 Dover Rivulet South Gate Market,-43.3105898,147.0170049,mhdoverlc,Turbidity Measurement Type,Turbidity Measurement Type,dropdown,Tube,
019ee4c6-3f73-717d-9783-ab20d3e3b545,2026-05-21T10:44:00+00:00,Dover Rivulet Mouth Observations,Dover Rivulet Mouth,-43.31622,147.02357,mhdoverlc,Rivulet Mouth State,Rivulet Mouth State,radio,Open - Flowing Out to Sea,
019ee4c6-3f73-717d-9783-ab20d3e3b545,2026-05-21T10:44:00+00:00,Dover Rivulet Mouth Observations,Dover Rivulet Mouth,-43.31622,147.02357,mhdoverlc,Observations,Observations,textarea,Opened between 9.50 am and 10.44am,
019ee4c6-3f73-717d-9783-ab20d3e3b545,2026-05-21T10:44:00+00:00,Dover Rivulet Mouth Observations,Dover Rivulet Mouth,-43.31622,147.02357,mhdoverlc,Noteworthy Photograph,Noteworthy Photograph,image,"https://citsci-prod2.s3.amazonaws.com/uploads/02c6b8db-77c7-40b1-96d2-ce97d7d4f1ff/f8501de71d7d53d106950e52873c7563d7fedd4a.jpg, https://citsci-prod2.s3.amazonaws.com/uploads/02c6b8db-77c7-40b1-96d2-ce97d7d4f1ff/2e5a80629d737cb0c6383528209caa84ebdd5731.jpg",files/photos_and_files/019ee4c6-1a58-7cae-a8ef-1a05e09926ec-f8501de71d7d53d106950e52873c7563d7fedd4a.jpg; files/photos_and_files/019ee4c6-2e51-75bd-87b5-50d94931bf82-2e5a80629d737cb0c6383528209caa84ebdd5731.jpg
019ee4c8-997c-7ded-8dba-9368320f34de,2026-05-24T13:05:00+00:00,Dover Rivulet Mouth Observations,Dover Rivulet Mouth,-43.31622,147.02357,mhdoverlc,Rivulet Mouth State,Rivulet Mouth State,radio,Closed,
019ee4c8-997c-7ded-8dba-9368320f34de,2026-05-24T13:05:00+00:00,Dover Rivulet Mouth Observations,Dover Rivulet Mouth,-43.31622,147.02357,mhdoverlc,Noteworthy Photograph,Noteworthy Photograph,image,https://citsci-prod2.s3.amazonaws.com/uploads/02c6b8db-77c7-40b1-96d2-ce97d7d4f1ff/de2010d8bae3a1d689a821ef38ebcb5c67aa11e7.jpg,files/photos_and_files/019ee4c8-7da4-725c-97d3-5b759bc2a06c-de2010d8bae3a1d689a821ef38ebcb5c67aa11e7.jpg
019ec62d-2b1e-70b0-8e4c-afaedbf2ebae,2026-06-14T10:20:00+00:00,Dover Landcare Water Quality,DOV110 Dover Rivulet South Gate Market,-43.3105898,147.0170049,mhdoverlc,Monitor's Initials (or alias) - PUBLIC,Monitor's Initials (or alias) - PUBLIC,text,JE EB MH,
019ec62d-2b1e-70b0-8e4c-afaedbf2ebae,2026-06-14T10:20:00+00:00,Dover Landcare Water Quality,DOV110 Dover Rivulet South Gate Market,-43.3105898,147.0170049,mhdoverlc,Water Depth (cm),Water Depth (cm),number,10,
019ec62d-2b1e-70b0-8e4c-afaedbf2ebae,2026-06-14T10:20:00+00:00,Dover Landcare Water Quality,DOV110 Dover Rivulet South Gate Market,-43.3105898,147.0170049,mhdoverlc,Width (cm),Width (cm),number,50,
019ec62d-2b1e-70b0-8e4c-afaedbf2ebae,2026-06-14T10:20:00+00:00,Dover Landcare Water Quality,DOV110 Dover Rivulet South Gate Market,-43.3105898,147.0170049,mhdoverlc,Flowing,Flowing,dropdown,High,
019ec62d-2b1e-70b0-8e4c-afaedbf2ebae,2026-06-14T10:20:00+00:00,Dover Landcare Water Quality,DOV110 Dover Rivulet South Gate Market,-43.3105898,147.0170049,mhdoverlc,Other Observations,Other Observations,multiple_choice,"Foam, Erosion",
019ec62d-2b1e-70b0-8e4c-afaedbf2ebae,2026-06-14T10:20:00+00:00,Dover Landcare Water Quality,DOV110 Dover Rivulet South Gate Market,-43.3105898,147.0170049,mhdoverlc,Hanna Combo Meter #,Hanna Combo Meter #,text,98128,
019ec62d-2b1e-70b0-8e4c-afaedbf2ebae,2026-06-14T10:20:00+00:00,Dover Landcare Water Quality,DOV110 Dover Rivulet South Gate Market,-43.3105898,147.0170049,mhdoverlc,TDScan Meter #,TDScan Meter #,text,Wp-84,
019ec62d-2b1e-70b0-8e4c-afaedbf2ebae,2026-06-14T10:20:00+00:00,Dover Landcare Water Quality,DOV110 Dover Rivulet South Gate Market,-43.3105898,147.0170049,mhdoverlc,pH,Ph,number,7.0,
019ec62d-2b1e-70b0-8e4c-afaedbf2ebae,2026-06-14T10:20:00+00:00,Dover Landcare Water Quality,DOV110 Dover Rivulet South Gate Market,-43.3105898,147.0170049,mhdoverlc,Water Temperature (C),Temperature (C),number,8.6,
019ec62d-2b1e-70b0-8e4c-afaedbf2ebae,2026-06-14T10:20:00+00:00,Dover Landcare Water Quality,DOV110 Dover Rivulet South Gate Market,-43.3105898,147.0170049,mhdoverlc,Electrical Conductivity (mS / uS),Electrical Conductivity,number,350,
019ec62d-2b1e-70b0-8e4c-afaedbf2ebae,2026-06-14T10:20:00+00:00,Dover Landcare Water Quality,DOV110 Dover Rivulet South Gate Market,-43.3105898,147.0170049,mhdoverlc,Electrical Conductivity Unit,Electrical Conductivity Unit,dropdown,uS micro-Siemens,
019ec62d-2b1e-70b0-8e4c-afaedbf2ebae,2026-06-14T10:20:00+00:00,Dover Landcare Water Quality,DOV110 Dover Rivulet South Gate Market,-43.3105898,147.0170049,mhdoverlc,Dissolved Oxygen %s,Dissolved Oxygen %s,number,95.2,
019ec62d-2b1e-70b0-8e4c-afaedbf2ebae,2026-06-14T10:20:00+00:00,Dover Landcare Water Quality,DOV110 Dover Rivulet South Gate Market,-43.3105898,147.0170049,mhdoverlc,Turbidity (NTU),Turbidity (NTU),number,10,
019ec62d-2b1e-70b0-8e4c-afaedbf2ebae,2026-06-14T10:20:00+00:00,Dover Landcare Water Quality,DOV110 Dover Rivulet South Gate Market,-43.3105898,147.0170049,mhdoverlc,Turbidity Measurement Type,Turbidity Measurement Type,dropdown,Tube,
019ec62d-2b1e-70b0-8e4c-afaedbf2ebae,2026-06-14T10:20:00+00:00,Dover Landcare Water Quality,DOV110 Dover Rivulet South Gate Market,-43.3105898,147.0170049,mhdoverlc,Nutrient Samples Collected,Nutrient Samples Collected,multiple_choice,None,
019ec62d-2b1e-70b0-8e4c-afaedbf2ebae,2026-06-14T10:20:00+00:00,Dover Landcare Water Quality,DOV110 Dover Rivulet South Gate Market,-43.3105898,147.0170049,mhdoverlc,Site Conditions Photograph - PUBLIC,Site Conditions Photograph - PUBLIC,image,https://citsci-prod2.s3.amazonaws.com/uploads/02c6b8db-77c7-40b1-96d2-ce97d7d4f1ff/b7ed5103e7577015492e6a92185f33f3650a9ba6.jpg,files/photos_and_files/019ec62d-2866-707c-89db-117aa6141ef0-b7ed5103e7577015492e6a92185f33f3650a9ba6.jpg
019ec637-17d2-74db-b524-e148df0e251a,2026-06-14T11:02:00+00:00,Dover Landcare Water Quality,DOV070 Dover Rivulet Huon Highway,-43.2976765,147.0103537,mhdoverlc,Monitor's Initials (or alias) - PUBLIC,Monitor's Initials (or alias) - PUBLIC,text,JE EB MH,
019ec637-17d2-74db-b524-e148df0e251a,2026-06-14T11:02:00+00:00,Dover Landcare Water Quality,DOV070 Dover Rivulet Huon Highway,-43.2976765,147.0103537,mhdoverlc,Water Depth (cm),Water Depth (cm),number,20,
019ec637-17d2-74db-b524-e148df0e251a,2026-06-14T11:02:00+00:00,Dover Landcare Water Quality,DOV070 Dover Rivulet Huon Highway,-43.2976765,147.0103537,mhdoverlc,Width (cm),Width (cm),number,100,
019ec637-17d2-74db-b524-e148df0e251a,2026-06-14T11:02:00+00:00,Dover Landcare Water Quality,DOV070 Dover Rivulet Huon Highway,-43.2976765,147.0103537,mhdoverlc,Flowing,Flowing,dropdown,High,
019ec637-17d2-74db-b524-e148df0e251a,2026-06-14T11:02:00+00:00,Dover Landcare Water Quality,DOV070 Dover Rivulet Huon Highway,-43.2976765,147.0103537,mhdoverlc,Other Observations,Other Observations,multiple_choice,"Debris, Foam, Bubbles, Erosion",
019ec637-17d2-74db-b524-e148df0e251a,2026-06-14T11:02:00+00:00,Dover Landcare Water Quality,DOV070 Dover Rivulet Huon Highway,-43.2976765,147.0103537,mhdoverlc,Hanna Combo Meter #,Hanna Combo Meter #,text,98128,
019ec637-17d2-74db-b524-e148df0e251a,2026-06-14T11:02:00+00:00,Dover Landcare Water Quality,DOV070 Dover Rivulet Huon Highway,-43.2976765,147.0103537,mhdoverlc,TDScan Meter #,TDScan Meter #,text,wp-84,
019ec637-17d2-74db-b524-e148df0e251a,2026-06-14T11:02:00+00:00,Dover Landcare Water Quality,DOV070 Dover Rivulet Huon Highway,-43.2976765,147.0103537,mhdoverlc,pH,Ph,number,7,
019ec637-17d2-74db-b524-e148df0e251a,2026-06-14T11:02:00+00:00,Dover Landcare Water Quality,DOV070 Dover Rivulet Huon Highway,-43.2976765,147.0103537,mhdoverlc,Water Temperature (C),Temperature (C),number,8.7,
019ec637-17d2-74db-b524-e148df0e251a,2026-06-14T11:02:00+00:00,Dover Landcare Water Quality,DOV070 Dover Rivulet Huon Highway,-43.2976765,147.0103537,mhdoverlc,Electrical Conductivity (mS / uS),Electrical Conductivity,number,274,
019ec637-17d2-74db-b524-e148df0e251a,2026-06-14T11:02:00+00:00,Dover Landcare Water Quality,DOV070 Dover Rivulet Huon Highway,-43.2976765,147.0103537,mhdoverlc,Electrical Conductivity Unit,Electrical Conductivity Unit,dropdown,uS micro-Siemens,
019ec637-17d2-74db-b524-e148df0e251a,2026-06-14T11:02:00+00:00,Dover Landcare Water Quality,DOV070 Dover Rivulet Huon Highway,-43.2976765,147.0103537,mhdoverlc,Dissolved Oxygen %s,Dissolved Oxygen %s,number,92.8,
019ec637-17d2-74db-b524-e148df0e251a,2026-06-14T11:02:00+00:00,Dover Landcare Water Quality,DOV070 Dover Rivulet Huon Highway,-43.2976765,147.0103537,mhdoverlc,Turbidity (NTU),Turbidity (NTU),number,19,
019ec637-17d2-74db-b524-e148df0e251a,2026-06-14T11:02:00+00:00,Dover Landcare Water Quality,DOV070 Dover Rivulet Huon Highway,-43.2976765,147.0103537,mhdoverlc,Turbidity Measurement Type,Turbidity Measurement Type,dropdown,Tube,
019ec637-17d2-74db-b524-e148df0e251a,2026-06-14T11:02:00+00:00,Dover Landcare Water Quality,DOV070 Dover Rivulet Huon Highway,-43.2976765,147.0103537,mhdoverlc,Nutrient Samples Collected,Nutrient Samples Collected,multiple_choice,None,
019ec637-17d2-74db-b524-e148df0e251a,2026-06-14T11:02:00+00:00,Dover Landcare Water Quality,DOV070 Dover Rivulet Huon Highway,-43.2976765,147.0103537,mhdoverlc,Site Conditions Photograph - PUBLIC,Site Conditions Photograph - PUBLIC,image,https://citsci-prod2.s3.amazonaws.com/uploads/02c6b8db-77c7-40b1-96d2-ce97d7d4f1ff/8c3519561e4aa2903288d0bf413784edf44883d8.jpg,files/photos_and_files/019ec637-1503-7903-a2b6-9314cf911ba4-8c3519561e4aa2903288d0bf413784edf44883d8.jpg
019ec63f-1b33-7206-8be6-94b3d18c8812,2026-06-14T11:40:00+00:00,Dover Landcare Water Quality,DOV130 Dover Rivulet Lagoon Kent Beach Rd,-43.3155877,147.0230454,mhdoverlc,Monitor's Initials (or alias) - PUBLIC,Monitor's Initials (or alias) - PUBLIC,text,JE EB MH,
019ec63f-1b33-7206-8be6-94b3d18c8812,2026-06-14T11:40:00+00:00,Dover Landcare Water Quality,DOV130 Dover Rivulet Lagoon Kent Beach Rd,-43.3155877,147.0230454,mhdoverlc,Water Depth (cm),Water Depth (cm),number,200,
019ec63f-1b33-7206-8be6-94b3d18c8812,2026-06-14T11:40:00+00:00,Dover Landcare Water Quality,DOV130 Dover Rivulet Lagoon Kent Beach Rd,-43.3155877,147.0230454,mhdoverlc,Width (cm),Width (cm),number,1500,
019ec63f-1b33-7206-8be6-94b3d18c8812,2026-06-14T11:40:00+00:00,Dover Landcare Water Quality,DOV130 Dover Rivulet Lagoon Kent Beach Rd,-43.3155877,147.0230454,mhdoverlc,Flowing,Flowing,dropdown,Low,
019ec63f-1b33-7206-8be6-94b3d18c8812,2026-06-14T11:40:00+00:00,Dover Landcare Water Quality,DOV130 Dover Rivulet Lagoon Kent Beach Rd,-43.3155877,147.0230454,mhdoverlc,Other Observations,Other Observations,multiple_choice,"Rubbish, Debris",
019ec63f-1b33-7206-8be6-94b3d18c8812,2026-06-14T11:40:00+00:00,Dover Landcare Water Quality,DOV130 Dover Rivulet Lagoon Kent Beach Rd,-43.3155877,147.0230454,mhdoverlc,Further / ad-hoc Observations,Further / ad-hoc Observations,textarea,"Open to ocean, flowing out",
019ec63f-1b33-7206-8be6-94b3d18c8812,2026-06-14T11:40:00+00:00,Dover Landcare Water Quality,DOV130 Dover Rivulet Lagoon Kent Beach Rd,-43.3155877,147.0230454,mhdoverlc,pH,Ph,number,7.1,
019ec63f-1b33-7206-8be6-94b3d18c8812,2026-06-14T11:40:00+00:00,Dover Landcare Water Quality,DOV130 Dover Rivulet Lagoon Kent Beach Rd,-43.3155877,147.0230454,mhdoverlc,Water Temperature (C),Temperature (C),number,10.2,
019ec63f-1b33-7206-8be6-94b3d18c8812,2026-06-14T11:40:00+00:00,Dover Landcare Water Quality,DOV130 Dover Rivulet Lagoon Kent Beach Rd,-43.3155877,147.0230454,mhdoverlc,Electrical Conductivity (mS / uS),Electrical Conductivity,number,23,
019ec63f-1b33-7206-8be6-94b3d18c8812,2026-06-14T11:40:00+00:00,Dover Landcare Water Quality,DOV130 Dover Rivulet Lagoon Kent Beach Rd,-43.3155877,147.0230454,mhdoverlc,Electrical Conductivity Unit,Electrical Conductivity Unit,dropdown,mS milli-Siemens,
019ec63f-1b33-7206-8be6-94b3d18c8812,2026-06-14T11:40:00+00:00,Dover Landcare Water Quality,DOV130 Dover Rivulet Lagoon Kent Beach Rd,-43.3155877,147.0230454,mhdoverlc,Dissolved Oxygen %s,Dissolved Oxygen %s,number,90,
019ec63f-1b33-7206-8be6-94b3d18c8812,2026-06-14T11:40:00+00:00,Dover Landcare Water Quality,DOV130 Dover Rivulet Lagoon Kent Beach Rd,-43.3155877,147.0230454,mhdoverlc,Turbidity (NTU),Turbidity (NTU),number,7,
019ec63f-1b33-7206-8be6-94b3d18c8812,2026-06-14T11:40:00+00:00,Dover Landcare Water Quality,DOV130 Dover Rivulet Lagoon Kent Beach Rd,-43.3155877,147.0230454,mhdoverlc,Turbidity Measurement Type,Turbidity Measurement Type,dropdown,Tube,
019ec63f-1b33-7206-8be6-94b3d18c8812,2026-06-14T11:40:00+00:00,Dover Landcare Water Quality,DOV130 Dover Rivulet Lagoon Kent Beach Rd,-43.3155877,147.0230454,mhdoverlc,Nutrient Samples Collected,Nutrient Samples Collected,multiple_choice,None,
019ec63f-1b33-7206-8be6-94b3d18c8812,2026-06-14T11:40:00+00:00,Dover Landcare Water Quality,DOV130 Dover Rivulet Lagoon Kent Beach Rd,-43.3155877,147.0230454,mhdoverlc,Site Conditions Photograph - PUBLIC,Site Conditions Photograph - PUBLIC,image,"https://citsci-prod2.s3.amazonaws.com/uploads/02c6b8db-77c7-40b1-96d2-ce97d7d4f1ff/5e30dace50883b278d89d2a137b6abd071287e0f.jpg, https://citsci-prod2.s3.amazonaws.com/uploads/02c6b8db-77c7-40b1-96d2-ce97d7d4f1ff/5d0dbde4c2d3da1150501441e751f49245690297.jpg",files/photos_and_files/019ec63f-1159-7d6f-8994-df079a712d29-5e30dace50883b278d89d2a137b6abd071287e0f.jpg; files/photos_and_files/019ec63f-17e1-7798-8432-5a14972a8f8f-5d0dbde4c2d3da1150501441e751f49245690297.jpg
019ec650-0f2e-7cad-9f82-beb9494685fc,2026-06-14T12:25:00+00:00,Dover Landcare Water Quality,ESP100 Esperance River Cableway Above Dover Water Intake,-43.334185,146.9657096,mhdoverlc,Monitor's Initials (or alias) - PUBLIC,Monitor's Initials (or alias) - PUBLIC,text,EB JE MH,
019ec650-0f2e-7cad-9f82-beb9494685fc,2026-06-14T12:25:00+00:00,Dover Landcare Water Quality,ESP100 Esperance River Cableway Above Dover Water Intake,-43.334185,146.9657096,mhdoverlc,Water Depth (cm),Water Depth (cm),number,150,
019ec650-0f2e-7cad-9f82-beb9494685fc,2026-06-14T12:25:00+00:00,Dover Landcare Water Quality,ESP100 Esperance River Cableway Above Dover Water Intake,-43.334185,146.9657096,mhdoverlc,Width (cm),Width (cm),number,20000,
019ec650-0f2e-7cad-9f82-beb9494685fc,2026-06-14T12:25:00+00:00,Dover Landcare Water Quality,ESP100 Esperance River Cableway Above Dover Water Intake,-43.334185,146.9657096,mhdoverlc,Flowing,Flowing,dropdown,High,
019ec650-0f2e-7cad-9f82-beb9494685fc,2026-06-14T12:25:00+00:00,Dover Landcare Water Quality,ESP100 Esperance River Cableway Above Dover Water Intake,-43.334185,146.9657096,mhdoverlc,Rainfall Last 24h (mm),Rainfall Last 24h (mm),number,2,
019ec650-0f2e-7cad-9f82-beb9494685fc,2026-06-14T12:25:00+00:00,Dover Landcare Water Quality,ESP100 Esperance River Cableway Above Dover Water Intake,-43.334185,146.9657096,mhdoverlc,Other Observations,Other Observations,multiple_choice,Foam,
019ec650-0f2e-7cad-9f82-beb9494685fc,2026-06-14T12:25:00+00:00,Dover Landcare Water Quality,ESP100 Esperance River Cableway Above Dover Water Intake,-43.334185,146.9657096,mhdoverlc,pH,Ph,number,7.4,
019ec650-0f2e-7cad-9f82-beb9494685fc,2026-06-14T12:25:00+00:00,Dover Landcare Water Quality,ESP100 Esperance River Cableway Above Dover Water Intake,-43.334185,146.9657096,mhdoverlc,Water Temperature (C),Temperature (C),number,8.3,
019ec650-0f2e-7cad-9f82-beb9494685fc,2026-06-14T12:25:00+00:00,Dover Landcare Water Quality,ESP100 Esperance River Cableway Above Dover Water Intake,-43.334185,146.9657096,mhdoverlc,Electrical Conductivity (mS / uS),Electrical Conductivity,number,71,
019ec650-0f2e-7cad-9f82-beb9494685fc,2026-06-14T12:25:00+00:00,Dover Landcare Water Quality,ESP100 Esperance River Cableway Above Dover Water Intake,-43.334185,146.9657096,mhdoverlc,Electrical Conductivity Unit,Electrical Conductivity Unit,dropdown,uS micro-Siemens,
019ec650-0f2e-7cad-9f82-beb9494685fc,2026-06-14T12:25:00+00:00,Dover Landcare Water Quality,ESP100 Esperance River Cableway Above Dover Water Intake,-43.334185,146.9657096,mhdoverlc,Dissolved Oxygen %s,Dissolved Oxygen %s,number,99,
019ec650-0f2e-7cad-9f82-beb9494685fc,2026-06-14T12:25:00+00:00,Dover Landcare Water Quality,ESP100 Esperance River Cableway Above Dover Water Intake,-43.334185,146.9657096,mhdoverlc,Turbidity (NTU),Turbidity (NTU),number,7,
019ec650-0f2e-7cad-9f82-beb9494685fc,2026-06-14T12:25:00+00:00,Dover Landcare Water Quality,ESP100 Esperance River Cableway Above Dover Water Intake,-43.334185,146.9657096,mhdoverlc,Turbidity Measurement Type,Turbidity Measurement Type,dropdown,Tube,
019ec650-0f2e-7cad-9f82-beb9494685fc,2026-06-14T12:25:00+00:00,Dover Landcare Water Quality,ESP100 Esperance River Cableway Above Dover Water Intake,-43.334185,146.9657096,mhdoverlc,Nutrient Samples Collected,Nutrient Samples Collected,multiple_choice,None,
019ec650-0f2e-7cad-9f82-beb9494685fc,2026-06-14T12:25:00+00:00,Dover Landcare Water Quality,ESP100 Esperance River Cableway Above Dover Water Intake,-43.334185,146.9657096,mhdoverlc,Site Conditions Photograph - PUBLIC,Site Conditions Photograph - PUBLIC,image,https://citsci-prod2.s3.amazonaws.com/uploads/02c6b8db-77c7-40b1-96d2-ce97d7d4f1ff/d13af59804df274182c672065f3d3b2e0e4ab677.jpg,files/photos_and_files/019ec650-0c3b-723a-a28b-508bca84140c-d13af59804df274182c672065f3d3b2e0e4ab677.jpg
019ec64a-5093-760e-bf95-5cc35997280c,2026-06-14T12:50:00+00:00,Dover Landcare Water Quality,ESP050 Esperance River Conservation Area (maybe ESP010),-43.298965,146.9134378,mhdoverlc,Monitor's Initials (or alias) - PUBLIC,Monitor's Initials (or alias) - PUBLIC,text,EB JE MH,
019ec64a-5093-760e-bf95-5cc35997280c,2026-06-14T12:50:00+00:00,Dover Landcare Water Quality,ESP050 Esperance River Conservation Area (maybe ESP010),-43.298965,146.9134378,mhdoverlc,Water Depth (cm),Water Depth (cm),number,50,
019ec64a-5093-760e-bf95-5cc35997280c,2026-06-14T12:50:00+00:00,Dover Landcare Water Quality,ESP050 Esperance River Conservation Area (maybe ESP010),-43.298965,146.9134378,mhdoverlc,Width (cm),Width (cm),number,600,
019ec64a-5093-760e-bf95-5cc35997280c,2026-06-14T12:50:00+00:00,Dover Landcare Water Quality,ESP050 Esperance River Conservation Area (maybe ESP010),-43.298965,146.9134378,mhdoverlc,Flowing,Flowing,dropdown,High,
019ec64a-5093-760e-bf95-5cc35997280c,2026-06-14T12:50:00+00:00,Dover Landcare Water Quality,ESP050 Esperance River Conservation Area (maybe ESP010),-43.298965,146.9134378,mhdoverlc,Rainfall Last 24h (mm),Rainfall Last 24h (mm),number,2,
019ec64a-5093-760e-bf95-5cc35997280c,2026-06-14T12:50:00+00:00,Dover Landcare Water Quality,ESP050 Esperance River Conservation Area (maybe ESP010),-43.298965,146.9134378,mhdoverlc,Other Observations,Other Observations,multiple_choice,"Foam, Bubbles",
019ec64a-5093-760e-bf95-5cc35997280c,2026-06-14T12:50:00+00:00,Dover Landcare Water Quality,ESP050 Esperance River Conservation Area (maybe ESP010),-43.298965,146.9134378,mhdoverlc,pH,Ph,number,6.9,
019ec64a-5093-760e-bf95-5cc35997280c,2026-06-14T12:50:00+00:00,Dover Landcare Water Quality,ESP050 Esperance River Conservation Area (maybe ESP010),-43.298965,146.9134378,mhdoverlc,Water Temperature (C),Temperature (C),number,7.9,
019ec64a-5093-760e-bf95-5cc35997280c,2026-06-14T12:50:00+00:00,Dover Landcare Water Quality,ESP050 Esperance River Conservation Area (maybe ESP010),-43.298965,146.9134378,mhdoverlc,Electrical Conductivity (mS / uS),Electrical Conductivity,number,56,
019ec64a-5093-760e-bf95-5cc35997280c,2026-06-14T12:50:00+00:00,Dover Landcare Water Quality,ESP050 Esperance River Conservation Area (maybe ESP010),-43.298965,146.9134378,mhdoverlc,Electrical Conductivity Unit,Electrical Conductivity Unit,dropdown,uS micro-Siemens,
019ec64a-5093-760e-bf95-5cc35997280c,2026-06-14T12:50:00+00:00,Dover Landcare Water Quality,ESP050 Esperance River Conservation Area (maybe ESP010),-43.298965,146.9134378,mhdoverlc,Dissolved Oxygen %s,Dissolved Oxygen %s,number,99.5,
019ec64a-5093-760e-bf95-5cc35997280c,2026-06-14T12:50:00+00:00,Dover Landcare Water Quality,ESP050 Esperance River Conservation Area (maybe ESP010),-43.298965,146.9134378,mhdoverlc,Turbidity (NTU),Turbidity (NTU),number,6,
019ec64a-5093-760e-bf95-5cc35997280c,2026-06-14T12:50:00+00:00,Dover Landcare Water Quality,ESP050 Esperance River Conservation Area (maybe ESP010),-43.298965,146.9134378,mhdoverlc,Turbidity Measurement Type,Turbidity Measurement Type,dropdown,2100P Turbidimeter,
019ec64a-5093-760e-bf95-5cc35997280c,2026-06-14T12:50:00+00:00,Dover Landcare Water Quality,ESP050 Esperance River Conservation Area (maybe ESP010),-43.298965,146.9134378,mhdoverlc,Nutrient Samples Collected,Nutrient Samples Collected,multiple_choice,None,
019ec64a-5093-760e-bf95-5cc35997280c,2026-06-14T12:50:00+00:00,Dover Landcare Water Quality,ESP050 Esperance River Conservation Area (maybe ESP010),-43.298965,146.9134378,mhdoverlc,Site Conditions Photograph - PUBLIC,Site Conditions Photograph - PUBLIC,image,"https://citsci-prod2.s3.amazonaws.com/uploads/02c6b8db-77c7-40b1-96d2-ce97d7d4f1ff/d7d56e9ed38dc992c8ab6c5fc1a5a58c814a229e.jpg, https://citsci-prod2.s3.amazonaws.com/uploads/02c6b8db-77c7-40b1-96d2-ce97d7d4f1ff/078fd264247d6edb36a41d476487ea74a43d5e04.jpg",files/photos_and_files/019ec64a-430f-7985-bf9f-4a29691c5373-d7d56e9ed38dc992c8ab6c5fc1a5a58c814a229e.jpg; files/photos_and_files/019ec64a-4dd7-7684-9c57-92712606242a-078fd264247d6edb36a41d476487ea74a43d5e04.jpg
019ed2a1-440c-7f53-bb45-18d8c8590863,2026-06-17T08:48:42+00:00,Dover Rivulet Mouth Observations,Dover Rivulet Mouth,-43.31622,147.02357,mhdoverlc,Rivulet Mouth State,Rivulet Mouth State,radio,Open - Flowing Out to Sea,
019ed2a1-440c-7f53-bb45-18d8c8590863,2026-06-17T08:48:42+00:00,Dover Rivulet Mouth Observations,Dover Rivulet Mouth,-43.31622,147.02357,mhdoverlc,Tide Height (m),Tide Height (m),number,0.3,
019ed2a1-440c-7f53-bb45-18d8c8590863,2026-06-17T08:48:42+00:00,Dover Rivulet Mouth Observations,Dover Rivulet Mouth,-43.31622,147.02357,mhdoverlc,Lagoon Height (m),Lagoon Height (m),number,0.3,
019ed2a1-440c-7f53-bb45-18d8c8590863,2026-06-17T08:48:42+00:00,Dover Rivulet Mouth Observations,Dover Rivulet Mouth,-43.31622,147.02357,mhdoverlc,Dover Rainfall (24h to observation mm),Dover Rainfall (24h to observation mm),number,1,
019ed2a1-440c-7f53-bb45-18d8c8590863,2026-06-17T08:48:42+00:00,Dover Rivulet Mouth Observations,Dover Rivulet Mouth,-43.31622,147.02357,mhdoverlc,Noteworthy Photograph,Noteworthy Photograph,image,https://citsci-prod2.s3.amazonaws.com/uploads/02c6b8db-77c7-40b1-96d2-ce97d7d4f1ff/164e99f855996b0f6afbf5861372a7c400cc7c2d.jpg,files/photos_and_files/019ed2a1-4280-77e6-89a7-b2c1b5ba47ec-164e99f855996b0f6afbf5861372a7c400cc7c2d.jpg
019ed989-865d-77f6-8200-9a713ef2ecce,2026-06-18T16:52:00+00:00,Dover Rivulet Mouth Observations,Dover Rivulet Mouth,-43.31622,147.02357,mhdoverlc,Rivulet Mouth State,Rivulet Mouth State,radio,Open - Flowing Into Lagoon,
019ed989-865d-77f6-8200-9a713ef2ecce,2026-06-18T16:52:00+00:00,Dover Rivulet Mouth Observations,Dover Rivulet Mouth,-43.31622,147.02357,mhdoverlc,Tide Height (m),Tide Height (m),number,0.9,
019ed989-865d-77f6-8200-9a713ef2ecce,2026-06-18T16:52:00+00:00,Dover Rivulet Mouth Observations,Dover Rivulet Mouth,-43.31622,147.02357,mhdoverlc,Lagoon Height (m),Lagoon Height (m),number,0.9,
019ed989-865d-77f6-8200-9a713ef2ecce,2026-06-18T16:52:00+00:00,Dover Rivulet Mouth Observations,Dover Rivulet Mouth,-43.31622,147.02357,mhdoverlc,Dover Rainfall (24h to observation mm),Dover Rainfall (24h to observation mm),number,3,
019ed989-865d-77f6-8200-9a713ef2ecce,2026-06-18T16:52:00+00:00,Dover Rivulet Mouth Observations,Dover Rivulet Mouth,-43.31622,147.02357,mhdoverlc,Noteworthy Photograph,Noteworthy Photograph,image,https://citsci-prod2.s3.amazonaws.com/uploads/02c6b8db-77c7-40b1-96d2-ce97d7d4f1ff/7ee715198288501e34c888b60308c7cbcc33aea3.jpg,files/photos_and_files/019ed989-84c7-789e-ae8b-ad43c5a1af1d-7ee715198288501e34c888b60308c7cbcc33aea3.jpg
019ede2a-9619-7b7b-828b-d98714849f07,2026-06-19T14:34:29+00:00,Dover Rivulet Mouth Observations,Dover Rivulet Mouth,-43.31622,147.02357,mhdoverlc,Rivulet Mouth State,Rivulet Mouth State,radio,Open - Flowing Out to Sea,
019ede2a-9619-7b7b-828b-d98714849f07,2026-06-19T14:34:29+00:00,Dover Rivulet Mouth Observations,Dover Rivulet Mouth,-43.31622,147.02357,mhdoverlc,Tide Height (m),Tide Height (m),number,0.9,
019ede2a-9619-7b7b-828b-d98714849f07,2026-06-19T14:34:29+00:00,Dover Rivulet Mouth Observations,Dover Rivulet Mouth,-43.31622,147.02357,mhdoverlc,Lagoon Height (m),Lagoon Height (m),number,0.9,
019ede2a-9619-7b7b-828b-d98714849f07,2026-06-19T14:34:29+00:00,Dover Rivulet Mouth Observations,Dover Rivulet Mouth,-43.31622,147.02357,mhdoverlc,Dover Rainfall (24h to observation mm),Dover Rainfall (24h to observation mm),number,12,
019ede2a-9619-7b7b-828b-d98714849f07,2026-06-19T14:34:29+00:00,Dover Rivulet Mouth Observations,Dover Rivulet Mouth,-43.31622,147.02357,mhdoverlc,Noteworthy Photograph,Noteworthy Photograph,image,https://citsci-prod2.s3.amazonaws.com/uploads/02c6b8db-77c7-40b1-96d2-ce97d7d4f1ff/f391a6a670a42aa51e1aeea56cc4c2b9d908f115.jpg,files/photos_and_files/019ede2a-947a-7645-a2da-22b1836db3be-f391a6a670a42aa51e1aeea56cc4c2b9d908f115.jpg
019ee41e-8957-759d-89d2-4110cb97e222,2026-06-20T13:01:00+00:00,Dover Rivulet Mouth Observations,Dover Rivulet Lower Lagoon,-43.3158,147.02321,mhdoverlc,Rivulet Mouth State,Rivulet Mouth State,radio,Open - Flowing Out to Sea,
019ee41e-8957-759d-89d2-4110cb97e222,2026-06-20T13:01:00+00:00,Dover Rivulet Mouth Observations,Dover Rivulet Lower Lagoon,-43.3158,147.02321,mhdoverlc,Tide Height (m),Tide Height (m),number,0.9,
019ee41e-8957-759d-89d2-4110cb97e222,2026-06-20T13:01:00+00:00,Dover Rivulet Mouth Observations,Dover Rivulet Lower Lagoon,-43.3158,147.02321,mhdoverlc,Lagoon Height (m),Lagoon Height (m),number,0.9,
019ee41e-8957-759d-89d2-4110cb97e222,2026-06-20T13:01:00+00:00,Dover Rivulet Mouth Observations,Dover Rivulet Lower Lagoon,-43.3158,147.02321,mhdoverlc,Dover Rainfall (24h to observation mm),Dover Rainfall (24h to observation mm),number,3,
019ee41e-8957-759d-89d2-4110cb97e222,2026-06-20T13:01:00+00:00,Dover Rivulet Mouth Observations,Dover Rivulet Lower Lagoon,-43.3158,147.02321,mhdoverlc,Noteworthy Photograph,Noteworthy Photograph,image,https://citsci-prod2.s3.amazonaws.com/uploads/02c6b8db-77c7-40b1-96d2-ce97d7d4f1ff/89fe637112578d29dfbc2fafb0a4ed21287d3eaa.jpg,files/photos_and_files/019ee41e-8690-7bc0-810d-72f2561130a0-89fe637112578d29dfbc2fafb0a4ed21287d3eaa.jpg
019ee41f-ea50-7f3f-ba75-72771f6ad4fb,2026-06-20T13:01:00+00:00,Dover Rivulet Mouth Observations,Dover Rivulet Mouth,-43.31622,147.02357,mhdoverlc,Rivulet Mouth State,Rivulet Mouth State,radio,Open - Flowing Out to Sea,
019ee41f-ea50-7f3f-ba75-72771f6ad4fb,2026-06-20T13:01:00+00:00,Dover Rivulet Mouth Observations,Dover Rivulet Mouth,-43.31622,147.02357,mhdoverlc,Tide Height (m),Tide Height (m),number,0.9,
019ee41f-ea50-7f3f-ba75-72771f6ad4fb,2026-06-20T13:01:00+00:00,Dover Rivulet Mouth Observations,Dover Rivulet Mouth,-43.31622,147.02357,mhdoverlc,Lagoon Height (m),Lagoon Height (m),number,0.9,
019ee41f-ea50-7f3f-ba75-72771f6ad4fb,2026-06-20T13:01:00+00:00,Dover Rivulet Mouth Observations,Dover Rivulet Mouth,-43.31622,147.02357,mhdoverlc,Dover Rainfall (24h to observation mm),Dover Rainfall (24h to observation mm),number,3,
019ee41f-ea50-7f3f-ba75-72771f6ad4fb,2026-06-20T13:01:00+00:00,Dover Rivulet Mouth Observations,Dover Rivulet Mouth,-43.31622,147.02357,mhdoverlc,Noteworthy Photograph,Noteworthy Photograph,image,https://citsci-prod2.s3.amazonaws.com/uploads/02c6b8db-77c7-40b1-96d2-ce97d7d4f1ff/db36d9de3f488ea7b41bf632963ba2eb3bf445ed.jpg,files/photos_and_files/019ee41f-e79e-70b5-86a0-3774e0153cb5-db36d9de3f488ea7b41bf632963ba2eb3bf445ed.jpg
019eed35-2dd3-7c57-b31e-cf3798f9ec7b,2026-06-22T12:38:59+00:00,Dover Rivulet Mouth Observations,Dover Rivulet Mouth,-43.31622,147.02357,mhdoverlc,Rivulet Mouth State,Rivulet Mouth State,radio,Open - Flowing Into Lagoon,
019eed35-2dd3-7c57-b31e-cf3798f9ec7b,2026-06-22T12:38:59+00:00,Dover Rivulet Mouth Observations,Dover Rivulet Mouth,-43.31622,147.02357,mhdoverlc,Tide Height (m),Tide Height (m),number,0.9,
019eed35-2dd3-7c57-b31e-cf3798f9ec7b,2026-06-22T12:38:59+00:00,Dover Rivulet Mouth Observations,Dover Rivulet Mouth,-43.31622,147.02357,mhdoverlc,Lagoon Height (m),Lagoon Height (m),number,0.9,
019eed35-2dd3-7c57-b31e-cf3798f9ec7b,2026-06-22T12:38:59+00:00,Dover Rivulet Mouth Observations,Dover Rivulet Mouth,-43.31622,147.02357,mhdoverlc,Dover Rainfall (24h to observation mm),Dover Rainfall (24h to observation mm),number,0,
019eed35-2dd3-7c57-b31e-cf3798f9ec7b,2026-06-22T12:38:59+00:00,Dover Rivulet Mouth Observations,Dover Rivulet Mouth,-43.31622,147.02357,mhdoverlc,Noteworthy Photograph,Noteworthy Photograph,image,"https://citsci-prod2.s3.amazonaws.com/uploads/02c6b8db-77c7-40b1-96d2-ce97d7d4f1ff/cd16301cbb2ae044dc136f0a039f98046948a6ad.jpg, https://citsci-prod2.s3.amazonaws.com/uploads/02c6b8db-77c7-40b1-96d2-ce97d7d4f1ff/6a9d83d53660af7a98b6c98cd61cd457bb16b047.jpg, https://citsci-prod2.s3.amazonaws.com/uploads/02c6b8db-77c7-40b1-96d2-ce97d7d4f1ff/94157aabc1d69999df207eb676cadf877bd3f4b7.jpg",files/photos_and_files/019eed35-1c9e-7393-aa37-30bd2da59075-cd16301cbb2ae044dc136f0a039f98046948a6ad.jpg; files/photos_and_files/019eed35-2564-7bc9-8410-f769f6e65f45-6a9d83d53660af7a98b6c98cd61cd457bb16b047.jpg; files/photos_and_files/019eed35-2bd3-7efd-9c04-83bef5d5c5f8-94157aabc1d69999df207eb676cadf877bd3f4b7.jpg
019ef1a3-4cde-756a-8c6f-ce8aba69c060,2026-06-23T09:19:34+00:00,Dover Rivulet Mouth Observations,Dover Rivulet Mouth,-43.31622,147.02357,mhdoverlc,Rivulet Mouth State,Rivulet Mouth State,radio,Open - Flowing Out to Sea,
019ef1a3-4cde-756a-8c6f-ce8aba69c060,2026-06-23T09:19:34+00:00,Dover Rivulet Mouth Observations,Dover Rivulet Mouth,-43.31622,147.02357,mhdoverlc,Tide Height (m),Tide Height (m),number,0.3,
019ef1a3-4cde-756a-8c6f-ce8aba69c060,2026-06-23T09:19:34+00:00,Dover Rivulet Mouth Observations,Dover Rivulet Mouth,-43.31622,147.02357,mhdoverlc,Lagoon Height (m),Lagoon Height (m),number,0.4,
019ef1a3-4cde-756a-8c6f-ce8aba69c060,2026-06-23T09:19:34+00:00,Dover Rivulet Mouth Observations,Dover Rivulet Mouth,-43.31622,147.02357,mhdoverlc,Dover Rainfall (24h to observation mm),Dover Rainfall (24h to observation mm),number,4,
019ef1a3-4cde-756a-8c6f-ce8aba69c060,2026-06-23T09:19:34+00:00,Dover Rivulet Mouth Observations,Dover Rivulet Mouth,-43.31622,147.02357,mhdoverlc,Noteworthy Photograph,Noteworthy Photograph,image,https://citsci-prod2.s3.amazonaws.com/uploads/02c6b8db-77c7-40b1-96d2-ce97d7d4f1ff/5cab6354e6e405f634b4fc6f2db7ab05f10a129b.jpg,files/photos_and_files/019ef1a3-4b32-7ed8-9975-b8c6afed491e-5cab6354e6e405f634b4fc6f2db7ab05f10a129b.jpg
019ef6c5-ba27-7bee-80e9-7a38dd76bd2b,2026-06-24T09:15:00+00:00,Dover Rivulet Mouth Observations,Dover Rivulet Mouth,-43.31622,147.02357,mhdoverlc,Rivulet Mouth State,Rivulet Mouth State,radio,Open - Flowing Out to Sea,
019ef6c5-ba27-7bee-80e9-7a38dd76bd2b,2026-06-24T09:15:00+00:00,Dover Rivulet Mouth Observations,Dover Rivulet Mouth,-43.31622,147.02357,mhdoverlc,Tide Height (m),Tide Height (m),number,0.6,
019ef6c5-ba27-7bee-80e9-7a38dd76bd2b,2026-06-24T09:15:00+00:00,Dover Rivulet Mouth Observations,Dover Rivulet Mouth,-43.31622,147.02357,mhdoverlc,Lagoon Height (m),Lagoon Height (m),number,0.7,
019ef6c5-ba27-7bee-80e9-7a38dd76bd2b,2026-06-24T09:15:00+00:00,Dover Rivulet Mouth Observations,Dover Rivulet Mouth,-43.31622,147.02357,mhdoverlc,Dover Rainfall (24h to observation mm),Dover Rainfall (24h to observation mm),number,1,
019ef6c5-ba27-7bee-80e9-7a38dd76bd2b,2026-06-24T09:15:00+00:00,Dover Rivulet Mouth Observations,Dover Rivulet Mouth,-43.31622,147.02357,mhdoverlc,Noteworthy Photograph,Noteworthy Photograph,image,"https://citsci-prod2.s3.amazonaws.com/uploads/02c6b8db-77c7-40b1-96d2-ce97d7d4f1ff/97367509da5f9ca1587ce4877f8400f60a56cf6a.jpg, https://citsci-prod2.s3.amazonaws.com/uploads/02c6b8db-77c7-40b1-96d2-ce97d7d4f1ff/2d551d0de69722df9678f774362bd498fe58f549.jpg",files/photos_and_files/019ef6c5-798d-7123-8bdb-05585853adfe-97367509da5f9ca1587ce4877f8400f60a56cf6a.jpg; files/photos_and_files/019ef6c5-b793-735d-9834-e799fa9d38da-2d551d0de69722df9678f774362bd498fe58f549.jpg
019ef742-d390-75dc-b1ed-84e520818b6a,2026-06-24T09:40:00+00:00,Dover and Surrounds Adhoc,Glenbervie Rivulet,-43.31235,147.04628,mhdoverlc,Observations,Observations,textarea,"Flowing out to bay, tide 0.7m",
019ef742-d390-75dc-b1ed-84e520818b6a,2026-06-24T09:40:00+00:00,Dover and Surrounds Adhoc,Glenbervie Rivulet,-43.31235,147.04628,mhdoverlc,Photos,Photos,image,"https://citsci-prod2.s3.amazonaws.com/uploads/02c6b8db-77c7-40b1-96d2-ce97d7d4f1ff/386475b397a769c78b4d72883148d593df2b4bae.jpg, https://citsci-prod2.s3.amazonaws.com/uploads/02c6b8db-77c7-40b1-96d2-ce97d7d4f1ff/87fe54b395850a2e471073f3406ce2c7852d09d2.jpg",files/photos_and_files/019ef742-bf93-7885-8bc1-d66391da8bdc-386475b397a769c78b4d72883148d593df2b4bae.jpg; files/photos_and_files/019ef742-d107-7989-a022-2dfbb752c611-87fe54b395850a2e471073f3406ce2c7852d09d2.jpg
019ef6ea-2bae-7a8c-bf35-0948c745ab0d,2026-06-24T09:46:58+00:00,Dover and Surrounds Adhoc,Bells Lagoon,-43.313011631,147.03889344,mhdoverlc,Observations,Observations,textarea,"Appears someone has opened/dug out sea entrance bells lagoon The lagoon smells a bit anoxic Tide 0.7m rising, sea water just starting to flow into lagoon Huon valley council had some trucks parked nearby",
019ef6ea-2bae-7a8c-bf35-0948c745ab0d,2026-06-24T09:46:58+00:00,Dover and Surrounds Adhoc,Bells Lagoon,-43.313011631,147.03889344,mhdoverlc,Photos,Photos,image,"https://citsci-prod2.s3.amazonaws.com/uploads/02c6b8db-77c7-40b1-96d2-ce97d7d4f1ff/1ab807c35373a32f79015c2b1cd137ce25157e10.jpg, https://citsci-prod2.s3.amazonaws.com/uploads/02c6b8db-77c7-40b1-96d2-ce97d7d4f1ff/ba55ed8dc89103e17668f237142c65f0f50452ca.jpg, https://citsci-prod2.s3.amazonaws.com/uploads/02c6b8db-77c7-40b1-96d2-ce97d7d4f1ff/3721500e1eb9fcc810a82266ceefb7650a4a7d7d.jpg, https://citsci-prod2.s3.amazonaws.com/uploads/02c6b8db-77c7-40b1-96d2-ce97d7d4f1ff/df9877f6d85f8b7f33533562c1ea37e248bb91b7.jpg, https://citsci-prod2.s3.amazonaws.com/uploads/02c6b8db-77c7-40b1-96d2-ce97d7d4f1ff/09434f43d12939f701f05772ba6b7fe9b4a66218.jpg, https://citsci-prod2.s3.amazonaws.com/uploads/02c6b8db-77c7-40b1-96d2-ce97d7d4f1ff/c42148c83cc0a81e86bc09d6f3a12670add1468f.jpg",files/photos_and_files/019ef6e9-e8ae-714f-9ea3-b0ad585bfd31-1ab807c35373a32f79015c2b1cd137ce25157e10.jpg; files/photos_and_files/019ef6e9-f0ec-725c-bc2b-45d3d1f3c01c-ba55ed8dc89103e17668f237142c65f0f50452ca.jpg; files/photos_and_files/019ef6e9-fa16-7e82-b781-7fa588e625ad-3721500e1eb9fcc810a82266ceefb7650a4a7d7d.jpg; files/photos_and_files/019ef6ea-048c-7423-a017-3e6cab52fb40-df9877f6d85f8b7f33533562c1ea37e248bb91b7.jpg; files/photos_and_files/019ef6ea-28e8-7084-a2c3-03eb73495d47-c42148c83cc0a81e86bc09d6f3a12670add1468f.jpg; files/photos_and_files/019ef6ea-1656-7805-b063-3a74864a95d4-09434f43d12939f701f05772ba6b7fe9b4a66218.jpg
019f104e-13d8-7ebd-a842-dce5e2b9ffa9,2026-06-29T08:14:00+00:00,Dover Rivulet Mouth Observations,Dover Rivulet Mouth,-43.31622,147.02357,mhdoverlc,Rivulet Mouth State,Rivulet Mouth State,radio,Open - Flowing Out to Sea,
019f104e-13d8-7ebd-a842-dce5e2b9ffa9,2026-06-29T08:14:00+00:00,Dover Rivulet Mouth Observations,Dover Rivulet Mouth,-43.31622,147.02357,mhdoverlc,Tide Height (m),Tide Height (m),number,0.5,
019f104e-13d8-7ebd-a842-dce5e2b9ffa9,2026-06-29T08:14:00+00:00,Dover Rivulet Mouth Observations,Dover Rivulet Mouth,-43.31622,147.02357,mhdoverlc,Lagoon Height (m),Lagoon Height (m),number,0.6,
019f104e-13d8-7ebd-a842-dce5e2b9ffa9,2026-06-29T08:14:00+00:00,Dover Rivulet Mouth Observations,Dover Rivulet Mouth,-43.31622,147.02357,mhdoverlc,Dover Rainfall (24h to observation mm),Dover Rainfall (24h to observation mm),number,0,
019f104e-13d8-7ebd-a842-dce5e2b9ffa9,2026-06-29T08:14:00+00:00,Dover Rivulet Mouth Observations,Dover Rivulet Mouth,-43.31622,147.02357,mhdoverlc,Noteworthy Photograph,Noteworthy Photograph,image,https://citsci-prod2.s3.amazonaws.com/uploads/02c6b8db-77c7-40b1-96d2-ce97d7d4f1ff/3ff57377d55c3858279fc44f4046b60836996f02.jpg,files/photos_and_files/019f104e-1227-7f7e-9791-cd62ed57968c-3ff57377d55c3858279fc44f4046b60836996f02.jpg
019f181c-1fc8-7509-b4fd-1e45f4e0c73e,2026-06-30T10:31:00+00:00,Dover Rivulet Mouth Observations,Dover Rivulet Mouth,-43.31622,147.02357,mhdoverlc,Rivulet Mouth State,Rivulet Mouth State,radio,Open - Flowing Out to Sea,
019f181c-1fc8-7509-b4fd-1e45f4e0c73e,2026-06-30T10:31:00+00:00,Dover Rivulet Mouth Observations,Dover Rivulet Mouth,-43.31622,147.02357,mhdoverlc,Tide Height (m),Tide Height (m),number,0.7,
019f181c-1fc8-7509-b4fd-1e45f4e0c73e,2026-06-30T10:31:00+00:00,Dover Rivulet Mouth Observations,Dover Rivulet Mouth,-43.31622,147.02357,mhdoverlc,Lagoon Height (m),Lagoon Height (m),number,0.8,
019f181c-1fc8-7509-b4fd-1e45f4e0c73e,2026-06-30T10:31:00+00:00,Dover Rivulet Mouth Observations,Dover Rivulet Mouth,-43.31622,147.02357,mhdoverlc,Dover Rainfall (24h to observation mm),Dover Rainfall (24h to observation mm),number,4,
019f181c-1fc8-7509-b4fd-1e45f4e0c73e,2026-06-30T10:31:00+00:00,Dover Rivulet Mouth Observations,Dover Rivulet Mouth,-43.31622,147.02357,mhdoverlc,Noteworthy Photograph,Noteworthy Photograph,image,"https://citsci-prod2.s3.amazonaws.com/uploads/02c6b8db-77c7-40b1-96d2-ce97d7d4f1ff/2a39819f999cf63d8ea1536a2221208eab23945e.jpg, https://citsci-prod2.s3.amazonaws.com/uploads/02c6b8db-77c7-40b1-96d2-ce97d7d4f1ff/08647c2db741fdb8851c8da5a220fc1f690f65af.jpg",files/photos_and_files/019f181c-169f-7bb6-8e17-893110bc37a6-2a39819f999cf63d8ea1536a2221208eab23945e.jpg; files/photos_and_files/019f181c-1d18-7290-ba97-12164bcf50dc-08647c2db741fdb8851c8da5a220fc1f690f65af.jpg
019f1fbc-772c-70c2-b1e0-fd2157622c99,2026-07-02T08:09:53+00:00,Dover Rivulet Mouth Observations,Dover Rivulet Mouth,-43.31622,147.02357,mhdoverlc,Rivulet Mouth State,Rivulet Mouth State,radio,Open - Flowing Out to Sea,
019f1fbc-772c-70c2-b1e0-fd2157622c99,2026-07-02T08:09:53+00:00,Dover Rivulet Mouth Observations,Dover Rivulet Mouth,-43.31622,147.02357,mhdoverlc,Tide Height (m),Tide Height (m),number,0.4,
019f1fbc-772c-70c2-b1e0-fd2157622c99,2026-07-02T08:09:53+00:00,Dover Rivulet Mouth Observations,Dover Rivulet Mouth,-43.31622,147.02357,mhdoverlc,Lagoon Height (m),Lagoon Height (m),number,0.45,
019f1fbc-772c-70c2-b1e0-fd2157622c99,2026-07-02T08:09:53+00:00,Dover Rivulet Mouth Observations,Dover Rivulet Mouth,-43.31622,147.02357,mhdoverlc,Dover Rainfall (24h to observation mm),Dover Rainfall (24h to observation mm),number,1,
019f1fbc-772c-70c2-b1e0-fd2157622c99,2026-07-02T08:09:53+00:00,Dover Rivulet Mouth Observations,Dover Rivulet Mouth,-43.31622,147.02357,mhdoverlc,Noteworthy Photograph,Noteworthy Photograph,image,"https://citsci-prod2.s3.amazonaws.com/uploads/02c6b8db-77c7-40b1-96d2-ce97d7d4f1ff/a2a0c31d8cde2bd31ce4ebb3857ea1b74f4ad1be.jpg, https://citsci-prod2.s3.amazonaws.com/uploads/02c6b8db-77c7-40b1-96d2-ce97d7d4f1ff/34b820b202843a1ab373d2871cc6afcfca189615.jpg",files/photos_and_files/019f1fbc-6c7c-7d2e-b527-3f1bd30ec6fd-a2a0c31d8cde2bd31ce4ebb3857ea1b74f4ad1be.jpg; files/photos_and_files/019f1fbc-742d-7e9d-b605-17268f69aaea-34b820b202843a1ab373d2871cc6afcfca189615.jpg
019f24df-99d2-7811-89e2-f0ab2b6b8df6,2026-07-03T08:05:00+00:00,Dover and Surrounds Adhoc,Glenbervie Rivulet,-43.31235,147.04628,mhdoverlc,Observations,Observations,textarea,"Looking healthy, not smelly",
019f24df-99d2-7811-89e2-f0ab2b6b8df6,2026-07-03T08:05:00+00:00,Dover and Surrounds Adhoc,Glenbervie Rivulet,-43.31235,147.04628,mhdoverlc,Photos,Photos,image,https://citsci-prod2.s3.amazonaws.com/uploads/02c6b8db-77c7-40b1-96d2-ce97d7d4f1ff/8690ebfd046ec14d599bfae91da706d20709988a.jpg,files/photos_and_files/019f24df-97dd-7f4a-88ef-4dada54612b6-8690ebfd046ec14d599bfae91da706d20709988a.jpg
019f3a7c-adb6-7b9a-9669-a949d01b99e2,2026-07-07T12:49:00+00:00,Dover Rivulet Mouth Observations,Dover Rivulet Mouth,-43.31622,147.02357,mhdoverlc,Rivulet Mouth State,Rivulet Mouth State,radio,Open - Flowing Out to Sea,
019f3a7c-adb6-7b9a-9669-a949d01b99e2,2026-07-07T12:49:00+00:00,Dover Rivulet Mouth Observations,Dover Rivulet Mouth,-43.31622,147.02357,mhdoverlc,Tide Height (m),Tide Height (m),number,0.9,
019f3a7c-adb6-7b9a-9669-a949d01b99e2,2026-07-07T12:49:00+00:00,Dover Rivulet Mouth Observations,Dover Rivulet Mouth,-43.31622,147.02357,mhdoverlc,Lagoon Height (m),Lagoon Height (m),number,0.95,
019f3a7c-adb6-7b9a-9669-a949d01b99e2,2026-07-07T12:49:00+00:00,Dover Rivulet Mouth Observations,Dover Rivulet Mouth,-43.31622,147.02357,mhdoverlc,Dover Rainfall (24h to observation mm),Dover Rainfall (24h to observation mm),number,0,
019f3a7c-adb6-7b9a-9669-a949d01b99e2,2026-07-07T12:49:00+00:00,Dover Rivulet Mouth Observations,Dover Rivulet Mouth,-43.31622,147.02357,mhdoverlc,Noteworthy Photograph,Noteworthy Photograph,image,https://citsci-prod2.s3.amazonaws.com/uploads/02c6b8db-77c7-40b1-96d2-ce97d7d4f1ff/fcae918794cb67b38d9a6b67ddc8b509c3cbed8d.jpg,files/photos_and_files/019f3a7c-ac04-714c-a1bb-fd055d437287-fcae918794cb67b38d9a6b67ddc8b509c3cbed8d.jpg
019f43bc-7d10-7ec9-9ea1-f5b9fefc5406,2026-07-09T07:55:55+00:00,Dover Rivulet Mouth Observations,Dover Rivulet Mouth,-43.31622,147.02357,mhdoverlc,Rivulet Mouth State,Rivulet Mouth State,radio,Open - Flowing Out to Sea,
019f43bc-7d10-7ec9-9ea1-f5b9fefc5406,2026-07-09T07:55:55+00:00,Dover Rivulet Mouth Observations,Dover Rivulet Mouth,-43.31622,147.02357,mhdoverlc,Tide Height (m),Tide Height (m),number,0.6,
019f43bc-7d10-7ec9-9ea1-f5b9fefc5406,2026-07-09T07:55:55+00:00,Dover Rivulet Mouth Observations,Dover Rivulet Mouth,-43.31622,147.02357,mhdoverlc,Lagoon Height (m),Lagoon Height (m),number,0.7,
019f43bc-7d10-7ec9-9ea1-f5b9fefc5406,2026-07-09T07:55:55+00:00,Dover Rivulet Mouth Observations,Dover Rivulet Mouth,-43.31622,147.02357,mhdoverlc,Dover Rainfall (24h to observation mm),Dover Rainfall (24h to observation mm),number,0,
019f43bc-7d10-7ec9-9ea1-f5b9fefc5406,2026-07-09T07:55:55+00:00,Dover Rivulet Mouth Observations,Dover Rivulet Mouth,-43.31622,147.02357,mhdoverlc,Noteworthy Photograph,Noteworthy Photograph,image,https://citsci-prod2.s3.amazonaws.com/uploads/02c6b8db-77c7-40b1-96d2-ce97d7d4f1ff/cb640eb3f813a8efaaf68c4888a80dfb0b0ea7d8.jpg,files/photos_and_files/019f43bc-7b3c-7b34-9f32-6373a04fadd4-cb640eb3f813a8efaaf68c4888a80dfb0b0ea7d8.jpg
019f48d0-aca2-7d64-b879-5ed1e61248f0,2026-07-10T07:35:00+00:00,Dover Rivulet Mouth Observations,Dover Rivulet Mouth,-43.31622,147.02357,mhdoverlc,Rivulet Mouth State,Rivulet Mouth State,radio,Open - Flowing Out to Sea,
019f48d0-aca2-7d64-b879-5ed1e61248f0,2026-07-10T07:35:00+00:00,Dover Rivulet Mouth Observations,Dover Rivulet Mouth,-43.31622,147.02357,mhdoverlc,Tide Height (m),Tide Height (m),number,0.7,
019f48d0-aca2-7d64-b879-5ed1e61248f0,2026-07-10T07:35:00+00:00,Dover Rivulet Mouth Observations,Dover Rivulet Mouth,-43.31622,147.02357,mhdoverlc,Lagoon Height (m),Lagoon Height (m),number,0.75,
019f48d0-aca2-7d64-b879-5ed1e61248f0,2026-07-10T07:35:00+00:00,Dover Rivulet Mouth Observations,Dover Rivulet Mouth,-43.31622,147.02357,mhdoverlc,Dover Rainfall (24h to observation mm),Dover Rainfall (24h to observation mm),number,0,
019f48d0-aca2-7d64-b879-5ed1e61248f0,2026-07-10T07:35:00+00:00,Dover Rivulet Mouth Observations,Dover Rivulet Mouth,-43.31622,147.02357,mhdoverlc,Noteworthy Photograph,Noteworthy Photograph,image,https://citsci-prod2.s3.amazonaws.com/uploads/02c6b8db-77c7-40b1-96d2-ce97d7d4f1ff/e233cb7715566786f4dc379a4f4eca7bf52a1f6d.jpg,files/photos_and_files/019f48d0-aaa8-74a8-98e8-705bdb5538d5-e233cb7715566786f4dc379a4f4eca7bf52a1f6d.jpg
019f63cf-87e5-7a79-8dd2-1c819f3268c7,2026-07-15T13:22:00+00:00,Dover Rivulet Mouth Observations,Dover Rivulet Mouth,-43.31622,147.02357,mhdoverlc,Rivulet Mouth State,Rivulet Mouth State,radio,Open - Flowing Out to Sea,
019f63cf-87e5-7a79-8dd2-1c819f3268c7,2026-07-15T13:22:00+00:00,Dover Rivulet Mouth Observations,Dover Rivulet Mouth,-43.31622,147.02357,mhdoverlc,Tide Height (m),Tide Height (m),number,0.9,
019f63cf-87e5-7a79-8dd2-1c819f3268c7,2026-07-15T13:22:00+00:00,Dover Rivulet Mouth Observations,Dover Rivulet Mouth,-43.31622,147.02357,mhdoverlc,Lagoon Height (m),Lagoon Height (m),number,0.9,
019f63cf-87e5-7a79-8dd2-1c819f3268c7,2026-07-15T13:22:00+00:00,Dover Rivulet Mouth Observations,Dover Rivulet Mouth,-43.31622,147.02357,mhdoverlc,Dover Rainfall (24h to observation mm),Dover Rainfall (24h to observation mm),number,1,
019f63cf-87e5-7a79-8dd2-1c819f3268c7,2026-07-15T13:22:00+00:00,Dover Rivulet Mouth Observations,Dover Rivulet Mouth,-43.31622,147.02357,mhdoverlc,Noteworthy Photograph,Noteworthy Photograph,image,https://citsci-prod2.s3.amazonaws.com/uploads/02c6b8db-77c7-40b1-96d2-ce97d7d4f1ff/23f5e47534b8578cbfa8741e0f0320458a396633.jpg,files/photos_and_files/019f63cf-84db-71ff-99ff-eba8f6f3d724-23f5e47534b8578cbfa8741e0f0320458a396633.jpg
019f6802-8df7-7ae5-8e2c-00283d668e45,2026-07-16T08:40:00+00:00,Dover Rivulet Mouth Observations,Dover Rivulet Mouth,-43.31622,147.02357,mhdoverlc,Rivulet Mouth State,Rivulet Mouth State,radio,Open - Flowing Out to Sea,
019f6802-8df7-7ae5-8e2c-00283d668e45,2026-07-16T08:40:00+00:00,Dover Rivulet Mouth Observations,Dover Rivulet Mouth,-43.31622,147.02357,mhdoverlc,Tide Height (m),Tide Height (m),number,0.4,
019f6802-8df7-7ae5-8e2c-00283d668e45,2026-07-16T08:40:00+00:00,Dover Rivulet Mouth Observations,Dover Rivulet Mouth,-43.31622,147.02357,mhdoverlc,Lagoon Height (m),Lagoon Height (m),number,0.45,
019f6802-8df7-7ae5-8e2c-00283d668e45,2026-07-16T08:40:00+00:00,Dover Rivulet Mouth Observations,Dover Rivulet Mouth,-43.31622,147.02357,mhdoverlc,Dover Rainfall (24h to observation mm),Dover Rainfall (24h to observation mm),number,0,
019f6802-8df7-7ae5-8e2c-00283d668e45,2026-07-16T08:40:00+00:00,Dover Rivulet Mouth Observations,Dover Rivulet Mouth,-43.31622,147.02357,mhdoverlc,Noteworthy Photograph,Noteworthy Photograph,image,https://citsci-prod2.s3.amazonaws.com/uploads/02c6b8db-77c7-40b1-96d2-ce97d7d4f1ff/171b92fa5dc3989f2fbdee16188e137d199d3643.jpg,files/photos_and_files/019f6802-8b10-7550-a006-1ee40c3a6e02-171b92fa5dc3989f2fbdee16188e137d199d3643.jpg
019f6801-37b7-723f-96a9-e2a5903c3c55,2026-07-16T08:57:06+00:00,Dover and Surrounds Adhoc,Bells Lagoon,-43.313011631,147.03889344,mhdoverlc,Observations,Observations,textarea,Bells lagoon open deeply to the bay and completely drained,
019f6801-37b7-723f-96a9-e2a5903c3c55,2026-07-16T08:57:06+00:00,Dover and Surrounds Adhoc,Bells Lagoon,-43.313011631,147.03889344,mhdoverlc,Photos,Photos,image,"https://citsci-prod2.s3.amazonaws.com/uploads/02c6b8db-77c7-40b1-96d2-ce97d7d4f1ff/efdae86671c3e1b9615b5109eea447930ebb4f1d.jpg, https://citsci-prod2.s3.amazonaws.com/uploads/02c6b8db-77c7-40b1-96d2-ce97d7d4f1ff/c12dc9d6456df7c56c7f6d0eec3c303e48b29860.jpg, https://citsci-prod2.s3.amazonaws.com/uploads/02c6b8db-77c7-40b1-96d2-ce97d7d4f1ff/91af5b0b31bfd7ab4c9dcb048999b65fea1de571.jpg, https://citsci-prod2.s3.amazonaws.com/uploads/02c6b8db-77c7-40b1-96d2-ce97d7d4f1ff/60413fa202adb2b69255dce6969fe693e7ee852a.jpg",files/photos_and_files/019f6801-205d-76a3-bb73-f22b55ab617e-efdae86671c3e1b9615b5109eea447930ebb4f1d.jpg; files/photos_and_files/019f6801-2795-7086-a985-100c822585c3-c12dc9d6456df7c56c7f6d0eec3c303e48b29860.jpg; files/photos_and_files/019f6801-2ec4-7c1e-80b4-876f946b732b-91af5b0b31bfd7ab4c9dcb048999b65fea1de571.jpg; files/photos_and_files/019f6801-34f3-79bd-9e2e-57a03c12e247-60413fa202adb2b69255dce6969fe693e7ee852a.jpg
019fbfe4-1aa4-7f16-838a-ae6e260ef51c,2026-08-02T10:02:42+00:00,Dover Landcare Water Quality,DOV110 Dover Rivulet South Gate Market,-43.3105898,147.0170049,mhdoverlc,Monitor's Initials (or alias) - PUBLIC,Monitor's Initials (or alias) - PUBLIC,text,EB MH,
019fbfe4-1aa4-7f16-838a-ae6e260ef51c,2026-08-02T10:02:42+00:00,Dover Landcare Water Quality,DOV110 Dover Rivulet South Gate Market,-43.3105898,147.0170049,mhdoverlc,Water Depth (cm),Water Depth (cm),number,20,
019fbfe4-1aa4-7f16-838a-ae6e260ef51c,2026-08-02T10:02:42+00:00,Dover Landcare Water Quality,DOV110 Dover Rivulet South Gate Market,-43.3105898,147.0170049,mhdoverlc,Width (cm),Width (cm),number,100,
019fbfe4-1aa4-7f16-838a-ae6e260ef51c,2026-08-02T10:02:42+00:00,Dover Landcare Water Quality,DOV110 Dover Rivulet South Gate Market,-43.3105898,147.0170049,mhdoverlc,Flowing,Flowing,dropdown,Medium,
019fbfe4-1aa4-7f16-838a-ae6e260ef51c,2026-08-02T10:02:42+00:00,Dover Landcare Water Quality,DOV110 Dover Rivulet South Gate Market,-43.3105898,147.0170049,mhdoverlc,Rainfall Last 24h (mm),Rainfall Last 24h (mm),number,0,
019fbfe4-1aa4-7f16-838a-ae6e260ef51c,2026-08-02T10:02:42+00:00,Dover Landcare Water Quality,DOV110 Dover Rivulet South Gate Market,-43.3105898,147.0170049,mhdoverlc,Air Temperature (C),Air Temperature (C),number,9,
019fbfe4-1aa4-7f16-838a-ae6e260ef51c,2026-08-02T10:02:42+00:00,Dover Landcare Water Quality,DOV110 Dover Rivulet South Gate Market,-43.3105898,147.0170049,mhdoverlc,Other Observations,Other Observations,multiple_choice,Foam,
019fbfe4-1aa4-7f16-838a-ae6e260ef51c,2026-08-02T10:02:42+00:00,Dover Landcare Water Quality,DOV110 Dover Rivulet South Gate Market,-43.3105898,147.0170049,mhdoverlc,pH,pH,number,7.42,
019fbfe4-1aa4-7f16-838a-ae6e260ef51c,2026-08-02T10:02:42+00:00,Dover Landcare Water Quality,DOV110 Dover Rivulet South Gate Market,-43.3105898,147.0170049,mhdoverlc,Water Temperature (C),Water Temperature (C),number,6.3,
019fbfe4-1aa4-7f16-838a-ae6e260ef51c,2026-08-02T10:02:42+00:00,Dover Landcare Water Quality,DOV110 Dover Rivulet South Gate Market,-43.3105898,147.0170049,mhdoverlc,Electrical Conductivity (mS / uS),Electrical Conductivity (mS / uS),number,285,
019fbfe4-1aa4-7f16-838a-ae6e260ef51c,2026-08-02T10:02:42+00:00,Dover Landcare Water Quality,DOV110 Dover Rivulet South Gate Market,-43.3105898,147.0170049,mhdoverlc,Electrical Conductivity Unit,Electrical Conductivity Unit,dropdown,uS micro-Siemens,
019fbfe4-1aa4-7f16-838a-ae6e260ef51c,2026-08-02T10:02:42+00:00,Dover Landcare Water Quality,DOV110 Dover Rivulet South Gate Market,-43.3105898,147.0170049,mhdoverlc,Dissolved Oxygen %s,Dissolved Oxygen %s,number,95.5,
019fbfe4-1aa4-7f16-838a-ae6e260ef51c,2026-08-02T10:02:42+00:00,Dover Landcare Water Quality,DOV110 Dover Rivulet South Gate Market,-43.3105898,147.0170049,mhdoverlc,Dissolved Oxygen Temperature (C),Dissolved Oxygen Temperature (C),number,7.1,
019fbfe4-1aa4-7f16-838a-ae6e260ef51c,2026-08-02T10:02:42+00:00,Dover Landcare Water Quality,DOV110 Dover Rivulet South Gate Market,-43.3105898,147.0170049,mhdoverlc,Turbidity (NTU),Turbidity (NTU),number,23.9,
019fbfe4-1aa4-7f16-838a-ae6e260ef51c,2026-08-02T10:02:42+00:00,Dover Landcare Water Quality,DOV110 Dover Rivulet South Gate Market,-43.3105898,147.0170049,mhdoverlc,Turbidity Measurement Type,Turbidity Measurement Type,dropdown,2100P Turbidimeter,
019fbfe4-1aa4-7f16-838a-ae6e260ef51c,2026-08-02T10:02:42+00:00,Dover Landcare Water Quality,DOV110 Dover Rivulet South Gate Market,-43.3105898,147.0170049,mhdoverlc,Site Conditions Photograph - PUBLIC,Site Conditions Photograph - PUBLIC,image,"https://citsci-prod2.s3.amazonaws.com/uploads/02c6b8db-77c7-40b1-96d2-ce97d7d4f1ff/d1019fddce55560f208f806fd5673bc204f1c7bf.jpg, https://citsci-prod2.s3.amazonaws.com/uploads/02c6b8db-77c7-40b1-96d2-ce97d7d4f1ff/732d8f9a942df6a9f02952c484f50aec7340b378.jpg",files/photos_and_files/019fbfe4-0d96-757e-9cce-3a39daf5d9b1-d1019fddce55560f208f806fd5673bc204f1c7bf.jpg; files/photos_and_files/019fbfe4-17e9-722d-b425-abd5a35fa949-732d8f9a942df6a9f02952c484f50aec7340b378.jpg
019fbff3-a20e-70f9-a6b3-3b1b33744935,2026-08-02T10:34:08+00:00,Dover Landcare Water Quality,DOV130 Dover Rivulet Lagoon Kent Beach Rd,-43.3155877,147.0230454,mhdoverlc,Monitor's Initials (or alias) - PUBLIC,Monitor's Initials (or alias) - PUBLIC,text,"MH, EB",
019fbff3-a20e-70f9-a6b3-3b1b33744935,2026-08-02T10:34:08+00:00,Dover Landcare Water Quality,DOV130 Dover Rivulet Lagoon Kent Beach Rd,-43.3155877,147.0230454,mhdoverlc,Water Depth (cm),Water Depth (cm),number,100,
019fbff3-a20e-70f9-a6b3-3b1b33744935,2026-08-02T10:34:08+00:00,Dover Landcare Water Quality,DOV130 Dover Rivulet Lagoon Kent Beach Rd,-43.3155877,147.0230454,mhdoverlc,Width (cm),Width (cm),number,1100,
019fbff3-a20e-70f9-a6b3-3b1b33744935,2026-08-02T10:34:08+00:00,Dover Landcare Water Quality,DOV130 Dover Rivulet Lagoon Kent Beach Rd,-43.3155877,147.0230454,mhdoverlc,Flowing,Flowing,dropdown,Medium,
019fbff3-a20e-70f9-a6b3-3b1b33744935,2026-08-02T10:34:08+00:00,Dover Landcare Water Quality,DOV130 Dover Rivulet Lagoon Kent Beach Rd,-43.3155877,147.0230454,mhdoverlc,Rainfall Last 24h (mm),Rainfall Last 24h (mm),number,0,
019fbff3-a20e-70f9-a6b3-3b1b33744935,2026-08-02T10:34:08+00:00,Dover Landcare Water Quality,DOV130 Dover Rivulet Lagoon Kent Beach Rd,-43.3155877,147.0230454,mhdoverlc,Air Temperature (C),Air Temperature (C),number,10,
019fbff3-a20e-70f9-a6b3-3b1b33744935,2026-08-02T10:34:08+00:00,Dover Landcare Water Quality,DOV130 Dover Rivulet Lagoon Kent Beach Rd,-43.3155877,147.0230454,mhdoverlc,pH,pH,number,7.26,
019fbff3-a20e-70f9-a6b3-3b1b33744935,2026-08-02T10:34:08+00:00,Dover Landcare Water Quality,DOV130 Dover Rivulet Lagoon Kent Beach Rd,-43.3155877,147.0230454,mhdoverlc,Water Temperature (C),Water Temperature (C),number,6.9,
019fbff3-a20e-70f9-a6b3-3b1b33744935,2026-08-02T10:34:08+00:00,Dover Landcare Water Quality,DOV130 Dover Rivulet Lagoon Kent Beach Rd,-43.3155877,147.0230454,mhdoverlc,Electrical Conductivity (mS / uS),Electrical Conductivity (mS / uS),number,2224,
019fbff3-a20e-70f9-a6b3-3b1b33744935,2026-08-02T10:34:08+00:00,Dover Landcare Water Quality,DOV130 Dover Rivulet Lagoon Kent Beach Rd,-43.3155877,147.0230454,mhdoverlc,Electrical Conductivity Unit,Electrical Conductivity Unit,dropdown,uS micro-Siemens,
019fbff3-a20e-70f9-a6b3-3b1b33744935,2026-08-02T10:34:08+00:00,Dover Landcare Water Quality,DOV130 Dover Rivulet Lagoon Kent Beach Rd,-43.3155877,147.0230454,mhdoverlc,Dissolved Oxygen %s,Dissolved Oxygen %s,number,95.3,
019fbff3-a20e-70f9-a6b3-3b1b33744935,2026-08-02T10:34:08+00:00,Dover Landcare Water Quality,DOV130 Dover Rivulet Lagoon Kent Beach Rd,-43.3155877,147.0230454,mhdoverlc,Dissolved Oxygen Temperature (C),Dissolved Oxygen Temperature (C),number,6.4,
019fbff3-a20e-70f9-a6b3-3b1b33744935,2026-08-02T10:34:08+00:00,Dover Landcare Water Quality,DOV130 Dover Rivulet Lagoon Kent Beach Rd,-43.3155877,147.0230454,mhdoverlc,Turbidity (NTU),Turbidity (NTU),number,25.2,
019fbff3-a20e-70f9-a6b3-3b1b33744935,2026-08-02T10:34:08+00:00,Dover Landcare Water Quality,DOV130 Dover Rivulet Lagoon Kent Beach Rd,-43.3155877,147.0230454,mhdoverlc,Turbidity Measurement Type,Turbidity Measurement Type,dropdown,2100P Turbidimeter,
019fbff3-a20e-70f9-a6b3-3b1b33744935,2026-08-02T10:34:08+00:00,Dover Landcare Water Quality,DOV130 Dover Rivulet Lagoon Kent Beach Rd,-43.3155877,147.0230454,mhdoverlc,Nutrient Samples Collected,Nutrient Samples Collected,multiple_choice,None,
019fbff3-a20e-70f9-a6b3-3b1b33744935,2026-08-02T10:34:08+00:00,Dover Landcare Water Quality,DOV130 Dover Rivulet Lagoon Kent Beach Rd,-43.3155877,147.0230454,mhdoverlc,Site Conditions Photograph - PUBLIC,Site Conditions Photograph - PUBLIC,image,"https://citsci-prod2.s3.amazonaws.com/uploads/02c6b8db-77c7-40b1-96d2-ce97d7d4f1ff/5df920bcb7f91b36504a97319bef746a83baf168.jpg, https://citsci-prod2.s3.amazonaws.com/uploads/02c6b8db-77c7-40b1-96d2-ce97d7d4f1ff/d53a95e8871ddf87b1281c095dd5f61d68550bf5.jpg, https://citsci-prod2.s3.amazonaws.com/uploads/02c6b8db-77c7-40b1-96d2-ce97d7d4f1ff/2df58c9f7e9e7ec73b3fb8f4c32a7030ba8a1cc4.jpg",files/photos_and_files/019fbff3-8ed5-704c-b84f-1d349595a53d-5df920bcb7f91b36504a97319bef746a83baf168.jpg; files/photos_and_files/019fbff3-96d8-7da0-a163-9c7db1d25cf1-d53a95e8871ddf87b1281c095dd5f61d68550bf5.jpg; files/photos_and_files/019fbff3-9fdb-7f5c-86ab-48107dcde196-2df58c9f7e9e7ec73b3fb8f4c32a7030ba8a1cc4.jpg
019fc00a-73f7-7261-bf5a-fd04ec3c9232,2026-08-02T11:04:17+00:00,Dover Landcare Water Quality,DOV070 Dover Rivulet Huon Highway,-43.2976765,147.0103537,mhdoverlc,Monitor's Initials (or alias) - PUBLIC,Monitor's Initials (or alias) - PUBLIC,text,"MH, EB",
019fc00a-73f7-7261-bf5a-fd04ec3c9232,2026-08-02T11:04:17+00:00,Dover Landcare Water Quality,DOV070 Dover Rivulet Huon Highway,-43.2976765,147.0103537,mhdoverlc,Water Depth (cm),Water Depth (cm),number,15,
019fc00a-73f7-7261-bf5a-fd04ec3c9232,2026-08-02T11:04:17+00:00,Dover Landcare Water Quality,DOV070 Dover Rivulet Huon Highway,-43.2976765,147.0103537,mhdoverlc,Width (cm),Width (cm),number,120,
019fc00a-73f7-7261-bf5a-fd04ec3c9232,2026-08-02T11:04:17+00:00,Dover Landcare Water Quality,DOV070 Dover Rivulet Huon Highway,-43.2976765,147.0103537,mhdoverlc,Flowing,Flowing,dropdown,Medium,
019fc00a-73f7-7261-bf5a-fd04ec3c9232,2026-08-02T11:04:17+00:00,Dover Landcare Water Quality,DOV070 Dover Rivulet Huon Highway,-43.2976765,147.0103537,mhdoverlc,Rainfall Last 24h (mm),Rainfall Last 24h (mm),number,0,
019fc00a-73f7-7261-bf5a-fd04ec3c9232,2026-08-02T11:04:17+00:00,Dover Landcare Water Quality,DOV070 Dover Rivulet Huon Highway,-43.2976765,147.0103537,mhdoverlc,Air Temperature (C),Air Temperature (C),number,11,
019fc00a-73f7-7261-bf5a-fd04ec3c9232,2026-08-02T11:04:17+00:00,Dover Landcare Water Quality,DOV070 Dover Rivulet Huon Highway,-43.2976765,147.0103537,mhdoverlc,Other Observations,Other Observations,multiple_choice,"Debris, Foam",
019fc00a-73f7-7261-bf5a-fd04ec3c9232,2026-08-02T11:04:17+00:00,Dover Landcare Water Quality,DOV070 Dover Rivulet Huon Highway,-43.2976765,147.0103537,mhdoverlc,pH,pH,number,7.23,
019fc00a-73f7-7261-bf5a-fd04ec3c9232,2026-08-02T11:04:17+00:00,Dover Landcare Water Quality,DOV070 Dover Rivulet Huon Highway,-43.2976765,147.0103537,mhdoverlc,Water Temperature (C),Water Temperature (C),number,6.9,
019fc00a-73f7-7261-bf5a-fd04ec3c9232,2026-08-02T11:04:17+00:00,Dover Landcare Water Quality,DOV070 Dover Rivulet Huon Highway,-43.2976765,147.0103537,mhdoverlc,Electrical Conductivity (mS / uS),Electrical Conductivity (mS / uS),number,221,
019fc00a-73f7-7261-bf5a-fd04ec3c9232,2026-08-02T11:04:17+00:00,Dover Landcare Water Quality,DOV070 Dover Rivulet Huon Highway,-43.2976765,147.0103537,mhdoverlc,Electrical Conductivity Unit,Electrical Conductivity Unit,dropdown,uS micro-Siemens,
019fc00a-73f7-7261-bf5a-fd04ec3c9232,2026-08-02T11:04:17+00:00,Dover Landcare Water Quality,DOV070 Dover Rivulet Huon Highway,-43.2976765,147.0103537,mhdoverlc,Dissolved Oxygen %s,Dissolved Oxygen %s,number,91.4,
019fc00a-73f7-7261-bf5a-fd04ec3c9232,2026-08-02T11:04:17+00:00,Dover Landcare Water Quality,DOV070 Dover Rivulet Huon Highway,-43.2976765,147.0103537,mhdoverlc,Dissolved Oxygen Temperature (C),Dissolved Oxygen Temperature (C),number,6.0,
019fc00a-73f7-7261-bf5a-fd04ec3c9232,2026-08-02T11:04:17+00:00,Dover Landcare Water Quality,DOV070 Dover Rivulet Huon Highway,-43.2976765,147.0103537,mhdoverlc,Turbidity (NTU),Turbidity (NTU),number,26.7,
019fc00a-73f7-7261-bf5a-fd04ec3c9232,2026-08-02T11:04:17+00:00,Dover Landcare Water Quality,DOV070 Dover Rivulet Huon Highway,-43.2976765,147.0103537,mhdoverlc,Turbidity Measurement Type,Turbidity Measurement Type,dropdown,2100P Turbidimeter,
019fc00a-73f7-7261-bf5a-fd04ec3c9232,2026-08-02T11:04:17+00:00,Dover Landcare Water Quality,DOV070 Dover Rivulet Huon Highway,-43.2976765,147.0103537,mhdoverlc,Nutrient Samples Collected,Nutrient Samples Collected,multiple_choice,None,
019fc00a-73f7-7261-bf5a-fd04ec3c9232,2026-08-02T11:04:17+00:00,Dover Landcare Water Quality,DOV070 Dover Rivulet Huon Highway,-43.2976765,147.0103537,mhdoverlc,Site Conditions Photograph - PUBLIC,Site Conditions Photograph - PUBLIC,image,"https://citsci-prod2.s3.amazonaws.com/uploads/02c6b8db-77c7-40b1-96d2-ce97d7d4f1ff/8cbf0739ee4a13585fb46422a9643c89201930bc.jpg, https://citsci-prod2.s3.amazonaws.com/uploads/02c6b8db-77c7-40b1-96d2-ce97d7d4f1ff/40e02e0da724e6b2b7c60c2c7652b409aaff8b42.jpg, https://citsci-prod2.s3.amazonaws.com/uploads/02c6b8db-77c7-40b1-96d2-ce97d7d4f1ff/ea9500e2c2bfb5f5bf56c38e0bea27e5772b613c.jpg",files/photos_and_files/019fc00a-2e86-7425-85f6-adc8efe711eb-8cbf0739ee4a13585fb46422a9643c89201930bc.jpg; files/photos_and_files/019fc00a-5391-784a-b4e3-42b9ace8b417-40e02e0da724e6b2b7c60c2c7652b409aaff8b42.jpg; files/photos_and_files/019fc00a-71c2-7b31-b61c-f7bcb225dab6-ea9500e2c2bfb5f5bf56c38e0bea27e5772b613c.jpg
019fc020-24cc-7649-b730-2d101fbf443d,2026-08-02T11:31:11+00:00,Dover Landcare Water Quality,ESP100 Esperance River Cableway Above Dover Water Intake,-43.334185,146.9657096,Erika B,Monitor's Initials (or alias) - PUBLIC,Monitor's Initials (or alias) - PUBLIC,text,MH & Eb,
019fc020-24cc-7649-b730-2d101fbf443d,2026-08-02T11:31:11+00:00,Dover Landcare Water Quality,ESP100 Esperance River Cableway Above Dover Water Intake,-43.334185,146.9657096,Erika B,Water Depth (cm),Water Depth (cm),number,146,
019fc020-24cc-7649-b730-2d101fbf443d,2026-08-02T11:31:11+00:00,Dover Landcare Water Quality,ESP100 Esperance River Cableway Above Dover Water Intake,-43.334185,146.9657096,Erika B,Width (cm),Width (cm),number,2000,
019fc020-24cc-7649-b730-2d101fbf443d,2026-08-02T11:31:11+00:00,Dover Landcare Water Quality,ESP100 Esperance River Cableway Above Dover Water Intake,-43.334185,146.9657096,Erika B,Flowing,Flowing,dropdown,Medium,
019fc020-24cc-7649-b730-2d101fbf443d,2026-08-02T11:31:11+00:00,Dover Landcare Water Quality,ESP100 Esperance River Cableway Above Dover Water Intake,-43.334185,146.9657096,Erika B,Rainfall Last 24h (mm),Rainfall Last 24h (mm),number,0,
019fc020-24cc-7649-b730-2d101fbf443d,2026-08-02T11:31:11+00:00,Dover Landcare Water Quality,ESP100 Esperance River Cableway Above Dover Water Intake,-43.334185,146.9657096,Erika B,Air Temperature (C),Air Temperature (C),number,11,
019fc020-24cc-7649-b730-2d101fbf443d,2026-08-02T11:31:11+00:00,Dover Landcare Water Quality,ESP100 Esperance River Cableway Above Dover Water Intake,-43.334185,146.9657096,Erika B,Other Observations,Other Observations,multiple_choice,"Debris, Foam",
019fc020-24cc-7649-b730-2d101fbf443d,2026-08-02T11:31:11+00:00,Dover Landcare Water Quality,ESP100 Esperance River Cableway Above Dover Water Intake,-43.334185,146.9657096,Erika B,Further / ad-hoc Observations,Further / ad-hoc Observations,textarea,I’m,
019fc020-24cc-7649-b730-2d101fbf443d,2026-08-02T11:31:11+00:00,Dover Landcare Water Quality,ESP100 Esperance River Cableway Above Dover Water Intake,-43.334185,146.9657096,Erika B,pH,pH,number,7.39,
019fc020-24cc-7649-b730-2d101fbf443d,2026-08-02T11:31:11+00:00,Dover Landcare Water Quality,ESP100 Esperance River Cableway Above Dover Water Intake,-43.334185,146.9657096,Erika B,Water Temperature (C),Water Temperature (C),number,6.7,
019fc020-24cc-7649-b730-2d101fbf443d,2026-08-02T11:31:11+00:00,Dover Landcare Water Quality,ESP100 Esperance River Cableway Above Dover Water Intake,-43.334185,146.9657096,Erika B,Electrical Conductivity (mS / uS),Electrical Conductivity (mS / uS),number,60,
019fc020-24cc-7649-b730-2d101fbf443d,2026-08-02T11:31:11+00:00,Dover Landcare Water Quality,ESP100 Esperance River Cableway Above Dover Water Intake,-43.334185,146.9657096,Erika B,Electrical Conductivity Unit,Electrical Conductivity Unit,dropdown,uS micro-Siemens,
019fc020-24cc-7649-b730-2d101fbf443d,2026-08-02T11:31:11+00:00,Dover Landcare Water Quality,ESP100 Esperance River Cableway Above Dover Water Intake,-43.334185,146.9657096,Erika B,Dissolved Oxygen %s,Dissolved Oxygen %s,number,100.8,
019fc020-24cc-7649-b730-2d101fbf443d,2026-08-02T11:31:11+00:00,Dover Landcare Water Quality,ESP100 Esperance River Cableway Above Dover Water Intake,-43.334185,146.9657096,Erika B,Dissolved Oxygen Temperature (C),Dissolved Oxygen Temperature (C),number,6.0,
019fc020-24cc-7649-b730-2d101fbf443d,2026-08-02T11:31:11+00:00,Dover Landcare Water Quality,ESP100 Esperance River Cableway Above Dover Water Intake,-43.334185,146.9657096,Erika B,Turbidity (NTU),Turbidity (NTU),number,4.19,
019fc020-24cc-7649-b730-2d101fbf443d,2026-08-02T11:31:11+00:00,Dover Landcare Water Quality,ESP100 Esperance River Cableway Above Dover Water Intake,-43.334185,146.9657096,Erika B,Turbidity Measurement Type,Turbidity Measurement Type,dropdown,2100P Turbidimeter,
019fc020-24cc-7649-b730-2d101fbf443d,2026-08-02T11:31:11+00:00,Dover Landcare Water Quality,ESP100 Esperance River Cableway Above Dover Water Intake,-43.334185,146.9657096,Erika B,Nutrient Samples Collected,Nutrient Samples Collected,multiple_choice,None,
019fc020-24cc-7649-b730-2d101fbf443d,2026-08-02T11:31:11+00:00,Dover Landcare Water Quality,ESP100 Esperance River Cableway Above Dover Water Intake,-43.334185,146.9657096,Erika B,Site Conditions Photograph - PUBLIC,Site Conditions Photograph - PUBLIC,image,"https://citsci-prod2.s3.amazonaws.com/uploads/019fbfd3-936d-72ac-96b1-ea7b1d8442a3/3bffb12dd84f87e474bae5d18bf7deca1d5f4470.jpg, https://citsci-prod2.s3.amazonaws.com/uploads/019fbfd3-936d-72ac-96b1-ea7b1d8442a3/e31966331da7530deaa87f854b1b93d4c778e5c2.jpg, https://citsci-prod2.s3.amazonaws.com/uploads/019fbfd3-936d-72ac-96b1-ea7b1d8442a3/c4cadbdc0516e457e54bad3cf23b0b46c7d62c7b.jpg",files/photos_and_files/019fc020-0cf7-7052-824d-60c8024e38b4-3bffb12dd84f87e474bae5d18bf7deca1d5f4470.jpg; files/photos_and_files/019fc020-17c1-76d6-bf48-059818f990db-e31966331da7530deaa87f854b1b93d4c778e5c2.jpg; files/photos_and_files/019fc020-221c-72cf-9120-fb7dac2396d5-c4cadbdc0516e457e54bad3cf23b0b46c7d62c7b.jpg
019fc049-f839-708e-a983-13be679ac74f,2026-08-02T11:55:11+00:00,Dover Landcare Water Quality,ESP050 Esperance River Conservation Area (maybe ESP010),-43.298965,146.9134378,Erika B,Monitor's Initials (or alias) - PUBLIC,Monitor's Initials (or alias) - PUBLIC,text,"MH, EB",
019fc049-f839-708e-a983-13be679ac74f,2026-08-02T11:55:11+00:00,Dover Landcare Water Quality,ESP050 Esperance River Conservation Area (maybe ESP010),-43.298965,146.9134378,Erika B,Water Depth (cm),Water Depth (cm),number,50,
019fc049-f839-708e-a983-13be679ac74f,2026-08-02T11:55:11+00:00,Dover Landcare Water Quality,ESP050 Esperance River Conservation Area (maybe ESP010),-43.298965,146.9134378,Erika B,Width (cm),Width (cm),number,600,
019fc049-f839-708e-a983-13be679ac74f,2026-08-02T11:55:11+00:00,Dover Landcare Water Quality,ESP050 Esperance River Conservation Area (maybe ESP010),-43.298965,146.9134378,Erika B,Flowing,Flowing,dropdown,Medium / High,
019fc049-f839-708e-a983-13be679ac74f,2026-08-02T11:55:11+00:00,Dover Landcare Water Quality,ESP050 Esperance River Conservation Area (maybe ESP010),-43.298965,146.9134378,Erika B,Rainfall Last 24h (mm),Rainfall Last 24h (mm),number,0,
019fc049-f839-708e-a983-13be679ac74f,2026-08-02T11:55:11+00:00,Dover Landcare Water Quality,ESP050 Esperance River Conservation Area (maybe ESP010),-43.298965,146.9134378,Erika B,Air Temperature (C),Air Temperature (C),number,11,
019fc049-f839-708e-a983-13be679ac74f,2026-08-02T11:55:11+00:00,Dover Landcare Water Quality,ESP050 Esperance River Conservation Area (maybe ESP010),-43.298965,146.9134378,Erika B,Other Observations,Other Observations,multiple_choice,Foam,
019fc049-f839-708e-a983-13be679ac74f,2026-08-02T11:55:11+00:00,Dover Landcare Water Quality,ESP050 Esperance River Conservation Area (maybe ESP010),-43.298965,146.9134378,Erika B,pH,pH,number,7.21,
019fc049-f839-708e-a983-13be679ac74f,2026-08-02T11:55:11+00:00,Dover Landcare Water Quality,ESP050 Esperance River Conservation Area (maybe ESP010),-43.298965,146.9134378,Erika B,Water Temperature (C),Water Temperature (C),number,6.4,
019fc049-f839-708e-a983-13be679ac74f,2026-08-02T11:55:11+00:00,Dover Landcare Water Quality,ESP050 Esperance River Conservation Area (maybe ESP010),-43.298965,146.9134378,Erika B,Electrical Conductivity (mS / uS),Electrical Conductivity (mS / uS),number,56,
019fc049-f839-708e-a983-13be679ac74f,2026-08-02T11:55:11+00:00,Dover Landcare Water Quality,ESP050 Esperance River Conservation Area (maybe ESP010),-43.298965,146.9134378,Erika B,Electrical Conductivity Unit,Electrical Conductivity Unit,dropdown,uS micro-Siemens,
019fc049-f839-708e-a983-13be679ac74f,2026-08-02T11:55:11+00:00,Dover Landcare Water Quality,ESP050 Esperance River Conservation Area (maybe ESP010),-43.298965,146.9134378,Erika B,Dissolved Oxygen %s,Dissolved Oxygen %s,number,101.7,
019fc049-f839-708e-a983-13be679ac74f,2026-08-02T11:55:11+00:00,Dover Landcare Water Quality,ESP050 Esperance River Conservation Area (maybe ESP010),-43.298965,146.9134378,Erika B,Dissolved Oxygen Temperature (C),Dissolved Oxygen Temperature (C),number,5.6,
019fc049-f839-708e-a983-13be679ac74f,2026-08-02T11:55:11+00:00,Dover Landcare Water Quality,ESP050 Esperance River Conservation Area (maybe ESP010),-43.298965,146.9134378,Erika B,Turbidity (NTU),Turbidity (NTU),number,3.84,
019fc049-f839-708e-a983-13be679ac74f,2026-08-02T11:55:11+00:00,Dover Landcare Water Quality,ESP050 Esperance River Conservation Area (maybe ESP010),-43.298965,146.9134378,Erika B,Turbidity Measurement Type,Turbidity Measurement Type,dropdown,2100P Turbidimeter,
019fc049-f839-708e-a983-13be679ac74f,2026-08-02T11:55:11+00:00,Dover Landcare Water Quality,ESP050 Esperance River Conservation Area (maybe ESP010),-43.298965,146.9134378,Erika B,Nutrient Samples Collected,Nutrient Samples Collected,multiple_choice,None,
019fc049-f839-708e-a983-13be679ac74f,2026-08-02T11:55:11+00:00,Dover Landcare Water Quality,ESP050 Esperance River Conservation Area (maybe ESP010),-43.298965,146.9134378,Erika B,Site Conditions Photograph - PUBLIC,Site Conditions Photograph - PUBLIC,image,"https://citsci-prod2.s3.amazonaws.com/uploads/019fbfd3-936d-72ac-96b1-ea7b1d8442a3/44216d21a7da3d7ce0ca0bce834e90d9f900e568.jpg, https://citsci-prod2.s3.amazonaws.com/uploads/019fbfd3-936d-72ac-96b1-ea7b1d8442a3/c8d24ec5ffdc6afd822c504b68f47c66ebac656a.jpg, https://citsci-prod2.s3.amazonaws.com/uploads/019fbfd3-936d-72ac-96b1-ea7b1d8442a3/24e80dff2fad8d503180ebc433c2979fc5e10de7.jpg",files/photos_and_files/019fc049-e7c0-786b-990f-1a7a14067d08-44216d21a7da3d7ce0ca0bce834e90d9f900e568.jpg; files/photos_and_files/019fc049-f5f7-7b27-aeed-4cef19863fdf-24e80dff2fad8d503180ebc433c2979fc5e10de7.jpg; files/photos_and_files/019fc049-ef5c-739b-98bc-a2b0e2e0af73-c8d24ec5ffdc6afd822c504b68f47c66ebac656a.jpg
019fc0db-6f0f-7728-ac9b-8244a9a37773,2026-08-02T15:02:20+00:00,Dover Rivulet Mouth Observations,Dover Rivulet Mouth,-43.31622,147.02357,mhdoverlc,Rivulet Mouth State,Rivulet Mouth State,radio,Open - Flowing Out to Sea,
019fc0db-6f0f-7728-ac9b-8244a9a37773,2026-08-02T15:02:20+00:00,Dover Rivulet Mouth Observations,Dover Rivulet Mouth,-43.31622,147.02357,mhdoverlc,Tide Height (m),Tide Height (m),number,0.8,
019fc0db-6f0f-7728-ac9b-8244a9a37773,2026-08-02T15:02:20+00:00,Dover Rivulet Mouth Observations,Dover Rivulet Mouth,-43.31622,147.02357,mhdoverlc,Lagoon Height (m),Lagoon Height (m),number,0.85,
019fc0db-6f0f-7728-ac9b-8244a9a37773,2026-08-02T15:02:20+00:00,Dover Rivulet Mouth Observations,Dover Rivulet Mouth,-43.31622,147.02357,mhdoverlc,Dover Rainfall (24h to observation mm),Dover Rainfall (24h to observation mm),number,0,
019fc0db-6f0f-7728-ac9b-8244a9a37773,2026-08-02T15:02:20+00:00,Dover Rivulet Mouth Observations,Dover Rivulet Mouth,-43.31622,147.02357,mhdoverlc,Noteworthy Photograph,Noteworthy Photograph,image,"https://citsci-prod2.s3.amazonaws.com/uploads/02c6b8db-77c7-40b1-96d2-ce97d7d4f1ff/7244ca007e5e5db5b28fce9a73fa1af80558e885.jpg, https://citsci-prod2.s3.amazonaws.com/uploads/02c6b8db-77c7-40b1-96d2-ce97d7d4f1ff/949a1d0b33db0ae599ee094ba92aa4d18f0ecf64.jpg",files/photos_and_files/019fc0db-5c5c-7acf-b072-7bc46aab5a6f-7244ca007e5e5db5b28fce9a73fa1af80558e885.jpg; files/photos_and_files/019fc0db-6b82-7f94-8d30-7d99699034c3-949a1d0b33db0ae599ee094ba92aa4d18f0ecf64.jpg
019fcabe-db32-7d1d-8a8f-0e4f0366de1b,2026-08-04T13:06:35+00:00,Dover Rivulet Mouth Observations,Dover Rivulet Mouth,-43.31622,147.02357,mhdoverlc,Rivulet Mouth State,Rivulet Mouth State,radio,Open - Flowing Out to Sea,
019fcabe-db32-7d1d-8a8f-0e4f0366de1b,2026-08-04T13:06:35+00:00,Dover Rivulet Mouth Observations,Dover Rivulet Mouth,-43.31622,147.02357,mhdoverlc,Tide Height (m),Tide Height (m),number,1,
019fcabe-db32-7d1d-8a8f-0e4f0366de1b,2026-08-04T13:06:35+00:00,Dover Rivulet Mouth Observations,Dover Rivulet Mouth,-43.31622,147.02357,mhdoverlc,Lagoon Height (m),Lagoon Height (m),number,1.05,
019fcabe-db32-7d1d-8a8f-0e4f0366de1b,2026-08-04T13:06:35+00:00,Dover Rivulet Mouth Observations,Dover Rivulet Mouth,-43.31622,147.02357,mhdoverlc,Dover Rainfall (24h to observation mm),Dover Rainfall (24h to observation mm),number,6,
019fcabe-db32-7d1d-8a8f-0e4f0366de1b,2026-08-04T13:06:35+00:00,Dover Rivulet Mouth Observations,Dover Rivulet Mouth,-43.31622,147.02357,mhdoverlc,Observations,Observations,textarea,"Extra opaque / brown, no smell",
019fcabe-db32-7d1d-8a8f-0e4f0366de1b,2026-08-04T13:06:35+00:00,Dover Rivulet Mouth Observations,Dover Rivulet Mouth,-43.31622,147.02357,mhdoverlc,Noteworthy Photograph,Noteworthy Photograph,image,"https://citsci-prod2.s3.amazonaws.com/uploads/02c6b8db-77c7-40b1-96d2-ce97d7d4f1ff/bb9b2c5eb394a40500aa3cb1a796a2f929397a49.jpg, https://citsci-prod2.s3.amazonaws.com/uploads/02c6b8db-77c7-40b1-96d2-ce97d7d4f1ff/e67ac7c27ef22b5fc74731ca5a868d62f5187ae4.jpg",files/photos_and_files/019fcabe-d28f-7c57-a7ba-2e3c985848d6-bb9b2c5eb394a40500aa3cb1a796a2f929397a49.jpg; files/photos_and_files/019fcabe-d997-705e-b04c-e0205a2a0324-e67ac7c27ef22b5fc74731ca5a868d62f5187ae4.jpg
019fcad1-5563-73de-b058-a0a0f63313ca,2026-08-04T13:26:55+00:00,Dover and Surrounds Adhoc,be,-43.313011631,147.03889344,mhdoverlc,Observations,Observations,textarea,Lagoon mouth no longer open to bay Tide at 1.0 m,
019fcad1-5563-73de-b058-a0a0f63313ca,2026-08-04T13:26:55+00:00,Dover and Surrounds Adhoc,be,-43.313011631,147.03889344,mhdoverlc,Photos,Photos,image,"https://citsci-prod2.s3.amazonaws.com/uploads/02c6b8db-77c7-40b1-96d2-ce97d7d4f1ff/895c3562980bc9f0d173b08e05de238680b4d224.jpg, https://citsci-prod2.s3.amazonaws.com/uploads/02c6b8db-77c7-40b1-96d2-ce97d7d4f1ff/0647074f83d5f250d7a1f70d7e0046670c6cc6ff.jpg, https://citsci-prod2.s3.amazonaws.com/uploads/02c6b8db-77c7-40b1-96d2-ce97d7d4f1ff/65b36235abe98b976e8501dc61b096974a091252.jpg",files/photos_and_files/019fcad1-4721-7209-823a-b5833fb22cc1-895c3562980bc9f0d173b08e05de238680b4d224.jpg; files/photos_and_files/019fcad1-4d9f-75dd-b3ab-0e76b3069dca-0647074f83d5f250d7a1f70d7e0046670c6cc6ff.jpg; files/photos_and_files/019fcad1-53cb-7e50-ad24-2c29665fb6dc-65b36235abe98b976e8501dc61b096974a091252.jpg
019fcada-77b3-7d71-9ef6-6c0f72442b24,2026-08-04T13:36:18+00:00,Dover and Surrounds Adhoc,Glenbervie Rivulet,-43.31235,147.04628,mhdoverlc,Observations,Observations,textarea,Mouth still open to bay tide about 1 m flowing out just the rivulet being maybe 50 or 100 mm above the level of the bay,
019fcada-77b3-7d71-9ef6-6c0f72442b24,2026-08-04T13:36:18+00:00,Dover and Surrounds Adhoc,Glenbervie Rivulet,-43.31235,147.04628,mhdoverlc,Photos,Photos,image,"https://citsci-prod2.s3.amazonaws.com/uploads/02c6b8db-77c7-40b1-96d2-ce97d7d4f1ff/d9803b74b496f601d0bc26a0c013010677fff5a0.jpg, https://citsci-prod2.s3.amazonaws.com/uploads/02c6b8db-77c7-40b1-96d2-ce97d7d4f1ff/d8775658ccc997978fee4531844c606dfdb0029b.jpg",files/photos_and_files/019fcada-6de6-713f-9a4d-8635ace999e3-d9803b74b496f601d0bc26a0c013010677fff5a0.jpg; files/photos_and_files/019fcada-749c-7701-9004-de1327fb8921-d8775658ccc997978fee4531844c606dfdb0029b.jpg
